-- --------------------------------------------------------
-- Host:                         127.0.0.1
-- Versi server:                 5.7.33 - MySQL Community Server (GPL)
-- OS Server:                    Win64
-- HeidiSQL Versi:               11.2.0.6213
-- --------------------------------------------------------

/*!40101 SET @OLD_CHARACTER_SET_CLIENT=@@CHARACTER_SET_CLIENT */;
/*!40101 SET NAMES utf8 */;
/*!50503 SET NAMES utf8mb4 */;
/*!40014 SET @OLD_FOREIGN_KEY_CHECKS=@@FOREIGN_KEY_CHECKS, FOREIGN_KEY_CHECKS=0 */;
/*!40101 SET @OLD_SQL_MODE=@@SQL_MODE, SQL_MODE='NO_AUTO_VALUE_ON_ZERO' */;
/*!40111 SET @OLD_SQL_NOTES=@@SQL_NOTES, SQL_NOTES=0 */;

-- membuang struktur untuk table db_psc_119.activity_log
CREATE TABLE IF NOT EXISTS `activity_log` (
  `id` bigint(20) unsigned NOT NULL AUTO_INCREMENT,
  `log_name` varchar(191) COLLATE utf8mb4_unicode_ci DEFAULT NULL,
  `description` text COLLATE utf8mb4_unicode_ci NOT NULL,
  `subject_type` varchar(191) COLLATE utf8mb4_unicode_ci DEFAULT NULL,
  `event` varchar(191) COLLATE utf8mb4_unicode_ci DEFAULT NULL,
  `subject_id` bigint(20) unsigned DEFAULT NULL,
  `causer_type` varchar(191) COLLATE utf8mb4_unicode_ci DEFAULT NULL,
  `causer_id` bigint(20) unsigned DEFAULT NULL,
  `properties` longtext CHARACTER SET utf8mb4 COLLATE utf8mb4_bin,
  `batch_uuid` char(36) COLLATE utf8mb4_unicode_ci DEFAULT NULL,
  `created_at` timestamp NULL DEFAULT NULL,
  `updated_at` timestamp NULL DEFAULT NULL,
  PRIMARY KEY (`id`),
  KEY `subject` (`subject_type`,`subject_id`),
  KEY `causer` (`causer_type`,`causer_id`),
  KEY `activity_log_log_name_index` (`log_name`)
) ENGINE=InnoDB AUTO_INCREMENT=1582 DEFAULT CHARSET=utf8mb4 COLLATE=utf8mb4_unicode_ci;

-- Membuang data untuk tabel db_psc_119.activity_log: ~1.263 rows (lebih kurang)
/*!40000 ALTER TABLE `activity_log` DISABLE KEYS */;
INSERT INTO `activity_log` (`id`, `log_name`, `description`, `subject_type`, `event`, `subject_id`, `causer_type`, `causer_id`, `properties`, `batch_uuid`, `created_at`, `updated_at`) VALUES
	(1, 'default', 'Log Out', NULL, NULL, NULL, 'App\\Models\\User', 482, '[]', NULL, '2021-10-29 10:30:24', '2021-10-29 10:30:24'),
	(2, 'default', 'Login', NULL, NULL, NULL, 'App\\Models\\User', 1, '[]', NULL, '2021-10-29 10:30:27', '2021-10-29 10:30:27'),
	(3, 'default', 'Ubah Data Pegawai dengan ID = 93', NULL, NULL, NULL, 'App\\Models\\User', 1, '[]', NULL, '2021-10-29 10:30:57', '2021-10-29 10:30:57'),
	(4, 'default', 'Log Out', NULL, NULL, NULL, 'App\\Models\\User', 1, '[]', NULL, '2021-10-29 10:31:03', '2021-10-29 10:31:03'),
	(5, 'default', 'Login', NULL, NULL, NULL, 'App\\Models\\User', 482, '[]', NULL, '2021-10-29 10:31:12', '2021-10-29 10:31:12'),
	(6, 'default', 'Login', NULL, NULL, NULL, 'App\\Models\\User', 482, '[]', NULL, '2021-10-29 10:32:48', '2021-10-29 10:32:48'),
	(7, 'default', 'Ubah Data Profil dengan ID = 482', NULL, NULL, NULL, 'App\\Models\\User', 482, '[]', NULL, '2021-10-29 10:33:32', '2021-10-29 10:33:32'),
	(8, 'default', 'Log Out', NULL, NULL, NULL, 'App\\Models\\User', 482, '[]', NULL, '2021-10-29 10:33:36', '2021-10-29 10:33:36'),
	(9, 'default', 'Login', NULL, NULL, NULL, 'App\\Models\\User', 1, '[]', NULL, '2021-10-29 10:33:38', '2021-10-29 10:33:38'),
	(10, 'default', 'Log Out', NULL, NULL, NULL, 'App\\Models\\User', 1, '[]', NULL, '2021-10-29 11:10:02', '2021-10-29 11:10:02'),
	(11, 'default', 'Login', NULL, NULL, NULL, 'App\\Models\\User', 1, '[]', NULL, '2021-10-29 11:12:09', '2021-10-29 11:12:09'),
	(12, 'default', 'Ubah Data Pengaturan', NULL, NULL, NULL, 'App\\Models\\User', 1, '[]', NULL, '2021-10-29 11:16:43', '2021-10-29 11:16:43'),
	(13, 'default', 'Ubah Data Pengaturan', NULL, NULL, NULL, 'App\\Models\\User', 1, '[]', NULL, '2021-10-29 11:16:50', '2021-10-29 11:16:50'),
	(14, 'default', 'Ubah Data Pengaturan', NULL, NULL, NULL, 'App\\Models\\User', 1, '[]', NULL, '2021-10-29 11:17:10', '2021-10-29 11:17:10'),
	(15, 'default', 'Ubah Data Pengaturan', NULL, NULL, NULL, 'App\\Models\\User', 1, '[]', NULL, '2021-10-29 11:23:12', '2021-10-29 11:23:12'),
	(16, 'default', 'Log Out', NULL, NULL, NULL, 'App\\Models\\User', 1, '[]', NULL, '2021-10-29 11:23:19', '2021-10-29 11:23:19'),
	(17, 'default', 'Login', NULL, NULL, NULL, 'App\\Models\\User', 1, '[]', NULL, '2021-10-29 11:23:25', '2021-10-29 11:23:25'),
	(18, 'default', 'Ubah Data Pengaturan', NULL, NULL, NULL, 'App\\Models\\User', 1, '[]', NULL, '2021-10-29 11:23:40', '2021-10-29 11:23:40'),
	(19, 'default', 'Ubah Data Pengaturan', NULL, NULL, NULL, 'App\\Models\\User', 1, '[]', NULL, '2021-10-29 11:23:45', '2021-10-29 11:23:45'),
	(20, 'default', 'Ubah Data Pengaturan', NULL, NULL, NULL, 'App\\Models\\User', 1, '[]', NULL, '2021-10-29 11:23:50', '2021-10-29 11:23:50'),
	(21, 'default', 'Ubah Data Pengaturan', NULL, NULL, NULL, 'App\\Models\\User', 1, '[]', NULL, '2021-10-29 11:23:55', '2021-10-29 11:23:55'),
	(22, 'default', 'Ubah Data Pengaturan', NULL, NULL, NULL, 'App\\Models\\User', 1, '[]', NULL, '2021-10-29 11:23:59', '2021-10-29 11:23:59'),
	(23, 'default', 'Ubah Data Pengaturan', NULL, NULL, NULL, 'App\\Models\\User', 1, '[]', NULL, '2021-10-29 11:24:03', '2021-10-29 11:24:03'),
	(24, 'default', 'Log Out', NULL, NULL, NULL, 'App\\Models\\User', 1, '[]', NULL, '2021-10-29 11:25:32', '2021-10-29 11:25:32'),
	(25, 'default', 'Login', NULL, NULL, NULL, 'App\\Models\\User', 482, '[]', NULL, '2021-10-29 11:25:39', '2021-10-29 11:25:39'),
	(26, 'default', 'Ubah Data Profil dengan ID = 482', NULL, NULL, NULL, 'App\\Models\\User', 482, '[]', NULL, '2021-10-29 11:26:56', '2021-10-29 11:26:56'),
	(27, 'default', 'Login', NULL, NULL, NULL, 'App\\Models\\User', 482, '[]', NULL, '2021-10-29 11:27:02', '2021-10-29 11:27:02'),
	(28, 'default', 'Log Out', NULL, NULL, NULL, 'App\\Models\\User', 482, '[]', NULL, '2021-10-29 11:46:26', '2021-10-29 11:46:26'),
	(29, 'default', 'Login', NULL, NULL, NULL, 'App\\Models\\User', 1, '[]', NULL, '2021-10-29 14:15:38', '2021-10-29 14:15:38'),
	(30, 'default', 'Ubah Data Pengaturan', NULL, NULL, NULL, 'App\\Models\\User', 1, '[]', NULL, '2021-10-29 14:18:08', '2021-10-29 14:18:08'),
	(31, 'default', 'Log Out', NULL, NULL, NULL, 'App\\Models\\User', 1, '[]', NULL, '2021-10-29 14:18:12', '2021-10-29 14:18:12'),
	(32, 'default', 'Login', NULL, NULL, NULL, 'App\\Models\\User', 1, '[]', NULL, '2021-10-29 14:29:41', '2021-10-29 14:29:41'),
	(33, 'default', 'Tambah Data Pegawai', NULL, NULL, NULL, 'App\\Models\\User', 1, '[]', NULL, '2021-10-29 14:30:33', '2021-10-29 14:30:33'),
	(34, 'default', 'Ubah Data Pegawai dengan ID = 97', NULL, NULL, NULL, 'App\\Models\\User', 1, '[]', NULL, '2021-10-29 14:30:48', '2021-10-29 14:30:48'),
	(35, 'default', 'Ubah Data Pegawai dengan ID = 97', NULL, NULL, NULL, 'App\\Models\\User', 1, '[]', NULL, '2021-10-29 14:33:39', '2021-10-29 14:33:39'),
	(36, 'default', 'Ubah Data Pegawai dengan ID = 97', NULL, NULL, NULL, 'App\\Models\\User', 1, '[]', NULL, '2021-10-29 14:35:31', '2021-10-29 14:35:31'),
	(37, 'default', 'Ubah Data Pegawai dengan ID = 97', NULL, NULL, NULL, 'App\\Models\\User', 1, '[]', NULL, '2021-10-29 14:35:48', '2021-10-29 14:35:48'),
	(38, 'default', 'Login', NULL, NULL, NULL, 'App\\Models\\User', 1, '[]', NULL, '2021-10-31 23:24:55', '2021-10-31 23:24:55'),
	(39, 'default', 'Login', NULL, NULL, NULL, 'App\\Models\\User', 1, '[]', NULL, '2021-11-01 07:55:21', '2021-11-01 07:55:21'),
	(40, 'default', 'Ubah Data Profil dengan ID = 1', NULL, NULL, NULL, 'App\\Models\\User', 1, '[]', NULL, '2021-11-01 07:57:18', '2021-11-01 07:57:18'),
	(41, 'default', 'Login', NULL, NULL, NULL, 'App\\Models\\User', 1, '[]', NULL, '2021-12-16 14:57:54', '2021-12-16 14:57:54'),
	(42, 'default', 'Log Out', NULL, NULL, NULL, 'App\\Models\\User', 1, '[]', NULL, '2021-12-16 14:58:01', '2021-12-16 14:58:01'),
	(43, 'default', 'Login', NULL, NULL, NULL, 'App\\Models\\User', 1, '[]', NULL, '2022-01-11 10:56:11', '2022-01-11 10:56:11'),
	(44, 'default', 'Ubah Data Profil dengan ID = 1', NULL, NULL, NULL, 'App\\Models\\User', 1, '[]', NULL, '2022-01-11 10:56:32', '2022-01-11 10:56:32'),
	(45, 'default', 'Tambah Data Group', NULL, NULL, NULL, 'App\\Models\\User', 1, '[]', NULL, '2022-01-11 12:59:37', '2022-01-11 12:59:37'),
	(46, 'default', 'Tambah Data Group', NULL, NULL, NULL, 'App\\Models\\User', 1, '[]', NULL, '2022-01-11 13:01:48', '2022-01-11 13:01:48'),
	(47, 'default', 'Tambah Data Group', NULL, NULL, NULL, 'App\\Models\\User', 1, '[]', NULL, '2022-01-11 13:01:57', '2022-01-11 13:01:57'),
	(48, 'default', 'Login', NULL, NULL, NULL, 'App\\Models\\User', 1, '[]', NULL, '2022-01-11 14:28:42', '2022-01-11 14:28:42'),
	(49, 'default', 'Log Out', NULL, NULL, NULL, 'App\\Models\\User', 1, '[]', NULL, '2022-01-11 14:56:59', '2022-01-11 14:56:59'),
	(50, 'default', 'Login', NULL, NULL, NULL, 'App\\Models\\User', 1, '[]', NULL, '2022-01-11 14:57:20', '2022-01-11 14:57:20'),
	(51, 'default', 'Ubah Data User dengan ID = 482', NULL, NULL, NULL, 'App\\Models\\User', 1, '[]', NULL, '2022-01-11 14:57:53', '2022-01-11 14:57:53'),
	(52, 'default', 'Log Out', NULL, NULL, NULL, 'App\\Models\\User', 1, '[]', NULL, '2022-01-11 14:57:56', '2022-01-11 14:57:56'),
	(53, 'default', 'Login', NULL, NULL, NULL, 'App\\Models\\User', 482, '[]', NULL, '2022-01-11 14:58:06', '2022-01-11 14:58:06'),
	(54, 'default', 'Log Out', NULL, NULL, NULL, 'App\\Models\\User', 482, '[]', NULL, '2022-01-11 15:32:51', '2022-01-11 15:32:51'),
	(55, 'default', 'Login', NULL, NULL, NULL, 'App\\Models\\User', 1, '[]', NULL, '2022-01-11 15:32:54', '2022-01-11 15:32:54'),
	(56, 'default', 'Login', NULL, NULL, NULL, 'App\\Models\\User', 1, '[]', NULL, '2022-01-12 10:01:34', '2022-01-12 10:01:34'),
	(57, 'default', 'Log Out', NULL, NULL, NULL, 'App\\Models\\User', 1, '[]', NULL, '2022-01-12 10:05:59', '2022-01-12 10:05:59'),
	(58, 'default', 'Login', NULL, NULL, NULL, 'App\\Models\\User', 1, '[]', NULL, '2022-01-12 10:06:01', '2022-01-12 10:06:01'),
	(59, 'default', 'Log Out', NULL, NULL, NULL, 'App\\Models\\User', 1, '[]', NULL, '2022-01-12 10:11:35', '2022-01-12 10:11:35'),
	(60, 'default', 'Login', NULL, NULL, NULL, 'App\\Models\\User', 1, '[]', NULL, '2022-01-12 10:11:53', '2022-01-12 10:11:53'),
	(61, 'default', 'Tambah Data Menu', NULL, NULL, NULL, 'App\\Models\\User', 1, '[]', NULL, '2022-01-12 10:51:15', '2022-01-12 10:51:15'),
	(62, 'default', 'Tambah Data Menu', NULL, NULL, NULL, 'App\\Models\\User', 1, '[]', NULL, '2022-01-12 10:52:26', '2022-01-12 10:52:26'),
	(63, 'default', 'Ubah Data Menu dengan ID = 4', NULL, NULL, NULL, 'App\\Models\\User', 1, '[]', NULL, '2022-01-12 11:02:21', '2022-01-12 11:02:21'),
	(64, 'default', 'Ubah Data Menu dengan ID = 4', NULL, NULL, NULL, 'App\\Models\\User', 1, '[]', NULL, '2022-01-12 11:02:25', '2022-01-12 11:02:25'),
	(65, 'default', 'Ubah Data Menu dengan ID = 4', NULL, NULL, NULL, 'App\\Models\\User', 1, '[]', NULL, '2022-01-12 11:02:30', '2022-01-12 11:02:30'),
	(66, 'default', 'Ubah Data Menu dengan ID = 4', NULL, NULL, NULL, 'App\\Models\\User', 1, '[]', NULL, '2022-01-12 11:02:41', '2022-01-12 11:02:41'),
	(67, 'default', 'Tambah Data Menu', NULL, NULL, NULL, 'App\\Models\\User', 1, '[]', NULL, '2022-01-12 11:04:48', '2022-01-12 11:04:48'),
	(68, 'default', 'Tambah Data Menu', NULL, NULL, NULL, 'App\\Models\\User', 1, '[]', NULL, '2022-01-12 11:05:31', '2022-01-12 11:05:31'),
	(69, 'default', 'Ubah Data Menu dengan ID = 4', NULL, NULL, NULL, 'App\\Models\\User', 1, '[]', NULL, '2022-01-12 11:11:39', '2022-01-12 11:11:39'),
	(70, 'default', 'Ubah Data Menu dengan ID = 4', NULL, NULL, NULL, 'App\\Models\\User', 1, '[]', NULL, '2022-01-12 11:11:44', '2022-01-12 11:11:44'),
	(71, 'default', 'Tambah Data Sub Menu', NULL, NULL, NULL, 'App\\Models\\User', 1, '[]', NULL, '2022-01-12 13:28:40', '2022-01-12 13:28:40'),
	(72, 'default', 'Tambah Data Sub Menu', NULL, NULL, NULL, 'App\\Models\\User', 1, '[]', NULL, '2022-01-12 13:29:55', '2022-01-12 13:29:55'),
	(73, 'default', 'Tambah Data Sub Menu', NULL, NULL, NULL, 'App\\Models\\User', 1, '[]', NULL, '2022-01-12 13:31:59', '2022-01-12 13:31:59'),
	(74, 'default', 'Ubah Data Sub Menu dengan ID = 1', NULL, NULL, NULL, 'App\\Models\\User', 1, '[]', NULL, '2022-01-12 13:39:50', '2022-01-12 13:39:50'),
	(75, 'default', 'Ubah Data Sub Menu dengan ID = 1', NULL, NULL, NULL, 'App\\Models\\User', 1, '[]', NULL, '2022-01-12 13:39:56', '2022-01-12 13:39:56'),
	(76, 'default', 'Ubah Data Sub Menu dengan ID = 1', NULL, NULL, NULL, 'App\\Models\\User', 1, '[]', NULL, '2022-01-12 13:40:07', '2022-01-12 13:40:07'),
	(77, 'default', 'Tambah Data Sub Menu', NULL, NULL, NULL, 'App\\Models\\User', 1, '[]', NULL, '2022-01-12 13:42:20', '2022-01-12 13:42:20'),
	(78, 'default', 'Tambah Data Sub Menu', NULL, NULL, NULL, 'App\\Models\\User', 1, '[]', NULL, '2022-01-12 13:43:01', '2022-01-12 13:43:01'),
	(79, 'default', 'Tambah Data Sub Menu', NULL, NULL, NULL, 'App\\Models\\User', 1, '[]', NULL, '2022-01-12 13:43:18', '2022-01-12 13:43:18'),
	(80, 'default', 'Login', NULL, NULL, NULL, 'App\\Models\\User', 1, '[]', NULL, '2022-01-13 10:13:03', '2022-01-13 10:13:03'),
	(81, 'default', 'Tambah Data Akses', NULL, NULL, NULL, 'App\\Models\\User', 1, '[]', NULL, '2022-01-13 11:00:18', '2022-01-13 11:00:18'),
	(82, 'default', 'Tambah Data Akses', NULL, NULL, NULL, 'App\\Models\\User', 1, '[]', NULL, '2022-01-13 11:00:23', '2022-01-13 11:00:23'),
	(83, 'default', 'Tambah Data Akses', NULL, NULL, NULL, 'App\\Models\\User', 1, '[]', NULL, '2022-01-13 11:02:25', '2022-01-13 11:02:25'),
	(84, 'default', 'Ubah Data Sub Menu dengan ID = 1', NULL, NULL, NULL, 'App\\Models\\User', 1, '[]', NULL, '2022-01-13 14:22:51', '2022-01-13 14:22:51'),
	(85, 'default', 'Ubah Data Sub Menu dengan ID = 1', NULL, NULL, NULL, 'App\\Models\\User', 1, '[]', NULL, '2022-01-13 14:23:00', '2022-01-13 14:23:00'),
	(86, 'default', 'Tambah Data Akses', NULL, NULL, NULL, 'App\\Models\\User', 1, '[]', NULL, '2022-01-13 14:35:05', '2022-01-13 14:35:05'),
	(87, 'default', 'Log Out', NULL, NULL, NULL, 'App\\Models\\User', 1, '[]', NULL, '2022-01-13 14:43:16', '2022-01-13 14:43:16'),
	(88, 'default', 'Login', NULL, NULL, NULL, 'App\\Models\\User', 482, '[]', NULL, '2022-01-13 14:43:27', '2022-01-13 14:43:27'),
	(89, 'default', 'Log Out', NULL, NULL, NULL, 'App\\Models\\User', 482, '[]', NULL, '2022-01-13 14:43:58', '2022-01-13 14:43:58'),
	(90, 'default', 'Login', NULL, NULL, NULL, 'App\\Models\\User', 1, '[]', NULL, '2022-01-13 14:44:02', '2022-01-13 14:44:02'),
	(91, 'default', 'Tambah Data Akses', NULL, NULL, NULL, 'App\\Models\\User', 1, '[]', NULL, '2022-01-13 14:44:29', '2022-01-13 14:44:29'),
	(92, 'default', 'Tambah Data Akses', NULL, NULL, NULL, 'App\\Models\\User', 1, '[]', NULL, '2022-01-13 14:44:57', '2022-01-13 14:44:57'),
	(93, 'default', 'Ubah Data Pengaturan', NULL, NULL, NULL, 'App\\Models\\User', 1, '[]', NULL, '2022-01-13 15:38:53', '2022-01-13 15:38:53'),
	(94, 'default', 'Login', NULL, NULL, NULL, 'App\\Models\\User', 1, '[]', NULL, '2022-01-14 09:56:30', '2022-01-14 09:56:30'),
	(95, 'default', 'Log Out', NULL, NULL, NULL, 'App\\Models\\User', 1, '[]', NULL, '2022-01-14 10:20:21', '2022-01-14 10:20:21'),
	(96, 'default', 'Login', NULL, NULL, NULL, 'App\\Models\\User', 482, '[]', NULL, '2022-01-14 10:20:30', '2022-01-14 10:20:30'),
	(97, 'default', 'Log Out', NULL, NULL, NULL, 'App\\Models\\User', 482, '[]', NULL, '2022-01-14 10:20:40', '2022-01-14 10:20:40'),
	(98, 'default', 'Login', NULL, NULL, NULL, 'App\\Models\\User', 1, '[]', NULL, '2022-01-14 10:20:43', '2022-01-14 10:20:43'),
	(99, 'default', 'Tambah Data Akses', NULL, NULL, NULL, 'App\\Models\\User', 1, '[]', NULL, '2022-01-14 10:21:01', '2022-01-14 10:21:01'),
	(100, 'default', 'Login', NULL, NULL, NULL, 'App\\Models\\User', 482, '[]', NULL, '2022-01-14 10:21:29', '2022-01-14 10:21:29'),
	(101, 'default', 'Ubah Data Menu dengan ID = 2', NULL, NULL, NULL, 'App\\Models\\User', 1, '[]', NULL, '2022-01-14 11:51:12', '2022-01-14 11:51:12'),
	(102, 'default', 'Ubah Data Menu dengan ID = 2', NULL, NULL, NULL, 'App\\Models\\User', 1, '[]', NULL, '2022-01-14 11:51:16', '2022-01-14 11:51:16'),
	(103, 'default', 'Login', NULL, NULL, NULL, 'App\\Models\\User', 1, '[]', NULL, '2022-01-14 14:57:06', '2022-01-14 14:57:06'),
	(104, 'default', 'Ubah Data Menu Akses dengan ID = 4', NULL, NULL, NULL, 'App\\Models\\User', 1, '[]', NULL, '2022-01-14 16:21:19', '2022-01-14 16:21:19'),
	(105, 'default', 'Ubah Data Menu Akses dengan ID = 4', NULL, NULL, NULL, 'App\\Models\\User', 1, '[]', NULL, '2022-01-14 16:21:43', '2022-01-14 16:21:43'),
	(106, 'default', 'Ubah Data Menu Akses dengan ID = 5', NULL, NULL, NULL, 'App\\Models\\User', 1, '[]', NULL, '2022-01-14 16:23:05', '2022-01-14 16:23:05'),
	(107, 'default', 'Ubah Data Menu Akses dengan ID = 4', NULL, NULL, NULL, 'App\\Models\\User', 1, '[]', NULL, '2022-01-14 16:23:23', '2022-01-14 16:23:23'),
	(108, 'default', 'Hapus Data Menu Akses dengan ID = 3', NULL, NULL, NULL, 'App\\Models\\User', 1, '[]', NULL, '2022-01-14 16:27:11', '2022-01-14 16:27:11'),
	(109, 'default', 'Tambah Data Menu Akses', NULL, NULL, NULL, 'App\\Models\\User', 1, '[]', NULL, '2022-01-14 16:27:55', '2022-01-14 16:27:55'),
	(110, 'default', 'Tambah Data Sub Menu Akses', NULL, NULL, NULL, 'App\\Models\\User', 1, '[]', NULL, '2022-01-14 17:23:31', '2022-01-14 17:23:31'),
	(111, 'default', 'Tambah Data Sub Menu Akses', NULL, NULL, NULL, 'App\\Models\\User', 1, '[]', NULL, '2022-01-14 17:26:16', '2022-01-14 17:26:16'),
	(112, 'default', 'Tambah Data Sub Menu Akses', NULL, NULL, NULL, 'App\\Models\\User', 1, '[]', NULL, '2022-01-14 17:26:47', '2022-01-14 17:26:47'),
	(113, 'default', 'Hapus Data Sub Menu Akses dengan ID = ', NULL, NULL, NULL, 'App\\Models\\User', 1, '[]', NULL, '2022-01-14 17:31:27', '2022-01-14 17:31:27'),
	(114, 'default', 'Hapus Data Sub Menu Akses dengan ID = ', NULL, NULL, NULL, 'App\\Models\\User', 1, '[]', NULL, '2022-01-14 17:32:28', '2022-01-14 17:32:28'),
	(115, 'default', 'Hapus Data Sub Menu Akses dengan ID = ', NULL, NULL, NULL, 'App\\Models\\User', 1, '[]', NULL, '2022-01-14 17:34:29', '2022-01-14 17:34:29'),
	(116, 'default', 'Hapus Data Sub Menu Akses dengan ID = 1', NULL, NULL, NULL, 'App\\Models\\User', 1, '[]', NULL, '2022-01-14 17:35:23', '2022-01-14 17:35:23'),
	(117, 'default', 'Ubah Data Sub Menu Akses dengan ID = 2', NULL, NULL, NULL, 'App\\Models\\User', 1, '[]', NULL, '2022-01-14 17:54:54', '2022-01-14 17:54:54'),
	(118, 'default', 'Ubah Data Sub Menu Akses dengan ID = 2', NULL, NULL, NULL, 'App\\Models\\User', 1, '[]', NULL, '2022-01-14 17:54:59', '2022-01-14 17:54:59'),
	(119, 'default', 'Ubah Data Sub Menu Akses dengan ID = 2', NULL, NULL, NULL, 'App\\Models\\User', 1, '[]', NULL, '2022-01-14 17:55:05', '2022-01-14 17:55:05'),
	(120, 'default', 'Hapus Data Menu dengan ID = 1', NULL, NULL, NULL, 'App\\Models\\User', 1, '[]', NULL, '2022-01-14 17:57:33', '2022-01-14 17:57:33'),
	(121, 'default', 'Hapus Data Menu dengan ID = 2', NULL, NULL, NULL, 'App\\Models\\User', 1, '[]', NULL, '2022-01-14 17:57:59', '2022-01-14 17:57:59'),
	(122, 'default', 'Hapus Data Menu dengan ID = 3', NULL, NULL, NULL, 'App\\Models\\User', 1, '[]', NULL, '2022-01-14 17:58:02', '2022-01-14 17:58:02'),
	(123, 'default', 'Tambah Data Menu', NULL, NULL, NULL, 'App\\Models\\User', 1, '[]', NULL, '2022-01-14 17:59:00', '2022-01-14 17:59:00'),
	(124, 'default', 'Tambah Data Menu Akses', NULL, NULL, NULL, 'App\\Models\\User', 1, '[]', NULL, '2022-01-14 17:59:17', '2022-01-14 17:59:17'),
	(125, 'default', 'Tambah Data Menu', NULL, NULL, NULL, 'App\\Models\\User', 1, '[]', NULL, '2022-01-14 18:22:35', '2022-01-14 18:22:35'),
	(126, 'default', 'Tambah Data Menu Akses', NULL, NULL, NULL, 'App\\Models\\User', 1, '[]', NULL, '2022-01-14 18:23:01', '2022-01-14 18:23:01'),
	(127, 'default', 'Ubah Data Menu dengan ID = 6', NULL, NULL, NULL, 'App\\Models\\User', 1, '[]', NULL, '2022-01-14 18:23:13', '2022-01-14 18:23:13'),
	(128, 'default', 'Ubah Data Pengaturan', NULL, NULL, NULL, 'App\\Models\\User', 1, '[]', NULL, '2022-01-14 19:11:47', '2022-01-14 19:11:47'),
	(129, 'default', 'Ubah Data Menu dengan ID = 5', NULL, NULL, NULL, 'App\\Models\\User', 1, '[]', NULL, '2022-01-14 19:12:19', '2022-01-14 19:12:19'),
	(130, 'default', 'Ubah Data Menu dengan ID = 5', NULL, NULL, NULL, 'App\\Models\\User', 1, '[]', NULL, '2022-01-14 19:12:32', '2022-01-14 19:12:32'),
	(131, 'default', 'Log Out', NULL, NULL, NULL, 'App\\Models\\User', 1, '[]', NULL, '2022-01-14 19:12:52', '2022-01-14 19:12:52'),
	(132, 'default', 'Login', NULL, NULL, NULL, 'App\\Models\\User', 1, '[]', NULL, '2022-01-14 19:54:24', '2022-01-14 19:54:24'),
	(133, 'default', 'Ubah Data Pengaturan', NULL, NULL, NULL, 'App\\Models\\User', 1, '[]', NULL, '2022-01-14 20:00:55', '2022-01-14 20:00:55'),
	(134, 'default', 'Ubah Data Sub Menu dengan ID = 6', NULL, NULL, NULL, 'App\\Models\\User', 1, '[]', NULL, '2022-01-14 20:01:35', '2022-01-14 20:01:35'),
	(135, 'default', 'Ubah Data Sub Menu dengan ID = 6', NULL, NULL, NULL, 'App\\Models\\User', 1, '[]', NULL, '2022-01-14 20:01:44', '2022-01-14 20:01:44'),
	(136, 'default', 'Login', NULL, NULL, NULL, 'App\\Models\\User', 1, '[]', NULL, '2022-01-15 17:29:42', '2022-01-15 17:29:42'),
	(137, 'default', 'Tambah Data Menu', NULL, NULL, NULL, 'App\\Models\\User', 1, '[]', NULL, '2022-01-15 17:31:03', '2022-01-15 17:31:03'),
	(138, 'default', 'Tambah Data Sub Menu', NULL, NULL, NULL, 'App\\Models\\User', 1, '[]', NULL, '2022-01-15 17:39:32', '2022-01-15 17:39:32'),
	(139, 'default', 'Tambah Data Menu Akses', NULL, NULL, NULL, 'App\\Models\\User', 1, '[]', NULL, '2022-01-15 17:46:20', '2022-01-15 17:46:20'),
	(140, 'default', 'Tambah Data Sub Menu Akses', NULL, NULL, NULL, 'App\\Models\\User', 1, '[]', NULL, '2022-01-15 18:02:06', '2022-01-15 18:02:06'),
	(141, 'default', 'Hapus Data Sub Menu Akses dengan ID = 3', NULL, NULL, NULL, 'App\\Models\\User', 1, '[]', NULL, '2022-01-15 18:07:48', '2022-01-15 18:07:48'),
	(142, 'default', 'Tambah Data Sub Menu Akses', NULL, NULL, NULL, 'App\\Models\\User', 1, '[]', NULL, '2022-01-15 19:29:04', '2022-01-15 19:29:04'),
	(143, 'default', 'Login', NULL, NULL, NULL, 'App\\Models\\User', 1, '[]', NULL, '2022-01-15 22:15:57', '2022-01-15 22:15:57'),
	(144, 'default', 'Ubah Data Sub Menu Akses dengan ID = 13', NULL, NULL, NULL, 'App\\Models\\User', 1, '[]', NULL, '2022-01-15 22:25:25', '2022-01-15 22:25:25'),
	(145, 'default', 'Ubah Data Sub Menu Akses dengan ID = 13', NULL, NULL, NULL, 'App\\Models\\User', 1, '[]', NULL, '2022-01-15 22:27:54', '2022-01-15 22:27:54'),
	(146, 'default', 'Ubah Data Sub Menu Akses dengan ID = 13', NULL, NULL, NULL, 'App\\Models\\User', 1, '[]', NULL, '2022-01-15 22:28:01', '2022-01-15 22:28:01'),
	(147, 'default', 'Ubah Data Sub Menu Akses dengan ID = 13', NULL, NULL, NULL, 'App\\Models\\User', 1, '[]', NULL, '2022-01-15 22:28:09', '2022-01-15 22:28:09'),
	(148, 'default', 'Ubah Data Sub Menu Akses dengan ID = 13', NULL, NULL, NULL, 'App\\Models\\User', 1, '[]', NULL, '2022-01-15 22:28:16', '2022-01-15 22:28:16'),
	(149, 'default', 'Ubah Data Sub Menu Akses dengan ID = 13', NULL, NULL, NULL, 'App\\Models\\User', 1, '[]', NULL, '2022-01-15 22:28:25', '2022-01-15 22:28:25'),
	(150, 'default', 'Ubah Data Sub Menu Akses dengan ID = 13', NULL, NULL, NULL, 'App\\Models\\User', 1, '[]', NULL, '2022-01-15 22:28:34', '2022-01-15 22:28:34'),
	(151, 'default', 'Ubah Data Sub Menu Akses dengan ID = 13', NULL, NULL, NULL, 'App\\Models\\User', 1, '[]', NULL, '2022-01-15 22:28:40', '2022-01-15 22:28:40'),
	(152, 'default', 'Tambah Data Sub Menu Akses', NULL, NULL, NULL, 'App\\Models\\User', 1, '[]', NULL, '2022-01-15 22:28:54', '2022-01-15 22:28:54'),
	(153, 'default', 'Tambah Data Sub Menu Akses', NULL, NULL, NULL, 'App\\Models\\User', 1, '[]', NULL, '2022-01-15 22:29:05', '2022-01-15 22:29:05'),
	(154, 'default', 'Login', NULL, NULL, NULL, 'App\\Models\\User', 1, '[]', NULL, '2022-01-16 00:29:15', '2022-01-16 00:29:15'),
	(155, 'default', 'Tambah Data Sub Menu Akses', NULL, NULL, NULL, 'App\\Models\\User', 1, '[]', NULL, '2022-01-16 00:34:34', '2022-01-16 00:34:34'),
	(156, 'default', 'Login', NULL, NULL, NULL, 'App\\Models\\User', 1, '[]', NULL, '2022-01-16 08:52:03', '2022-01-16 08:52:03'),
	(157, 'default', 'Log Out', NULL, NULL, NULL, 'App\\Models\\User', 1, '[]', NULL, '2022-01-16 08:52:34', '2022-01-16 08:52:34'),
	(158, 'default', 'Login', NULL, NULL, NULL, 'App\\Models\\User', 482, '[]', NULL, '2022-01-16 08:52:41', '2022-01-16 08:52:41'),
	(159, 'default', 'Login', NULL, NULL, NULL, 'App\\Models\\User', 1, '[]', NULL, '2022-01-16 11:39:18', '2022-01-16 11:39:18'),
	(160, 'default', 'Login', NULL, NULL, NULL, 'App\\Models\\User', 482, '[]', NULL, '2022-01-16 12:05:51', '2022-01-16 12:05:51'),
	(161, 'default', 'Login', NULL, NULL, NULL, 'App\\Models\\User', 1, '[]', NULL, '2022-01-16 18:13:45', '2022-01-16 18:13:45'),
	(162, 'default', 'Tambah Data Menu', NULL, NULL, NULL, 'App\\Models\\User', 1, '[]', NULL, '2022-01-16 18:43:46', '2022-01-16 18:43:46'),
	(163, 'default', 'Ubah Data Menu dengan ID = 4', NULL, NULL, NULL, 'App\\Models\\User', 1, '[]', NULL, '2022-01-16 18:44:21', '2022-01-16 18:44:21'),
	(164, 'default', 'Tambah Data Menu Akses', NULL, NULL, NULL, 'App\\Models\\User', 1, '[]', NULL, '2022-01-16 18:48:47', '2022-01-16 18:48:47'),
	(165, 'default', 'Hapus Data Menu dengan ID = 8', NULL, NULL, NULL, 'App\\Models\\User', 1, '[]', NULL, '2022-01-16 18:49:24', '2022-01-16 18:49:24'),
	(166, 'default', 'Ubah Data Menu dengan ID = 4', NULL, NULL, NULL, 'App\\Models\\User', 1, '[]', NULL, '2022-01-16 18:50:22', '2022-01-16 18:50:22'),
	(167, 'default', 'Login', NULL, NULL, NULL, 'App\\Models\\User', 1, '[]', NULL, '2022-01-17 10:48:51', '2022-01-17 10:48:51'),
	(168, 'default', 'Tambah Data Sub Menu Akses', NULL, NULL, NULL, 'App\\Models\\User', 1, '[]', NULL, '2022-01-17 10:50:06', '2022-01-17 10:50:06'),
	(169, 'default', 'Tambah Data Sub Menu Akses', NULL, NULL, NULL, 'App\\Models\\User', 1, '[]', NULL, '2022-01-17 10:50:22', '2022-01-17 10:50:22'),
	(170, 'default', 'Tambah Data Menu', NULL, NULL, NULL, 'App\\Models\\User', 1, '[]', NULL, '2022-01-17 10:50:48', '2022-01-17 10:50:48'),
	(171, 'default', 'Hapus Data Menu dengan ID = 9', NULL, NULL, NULL, 'App\\Models\\User', 1, '[]', NULL, '2022-01-17 10:51:16', '2022-01-17 10:51:16'),
	(172, 'default', 'Tambah Data Sub Menu Akses', NULL, NULL, NULL, 'App\\Models\\User', 1, '[]', NULL, '2022-01-17 10:51:55', '2022-01-17 10:51:55'),
	(173, 'default', 'Tambah Data Menu', NULL, NULL, NULL, 'App\\Models\\User', 1, '[]', NULL, '2022-01-17 10:53:20', '2022-01-17 10:53:20'),
	(174, 'default', 'Tambah Data Menu Akses', NULL, NULL, NULL, 'App\\Models\\User', 1, '[]', NULL, '2022-01-17 10:53:37', '2022-01-17 10:53:37'),
	(175, 'default', 'Hapus Data Menu dengan ID = 10', NULL, NULL, NULL, 'App\\Models\\User', 1, '[]', NULL, '2022-01-17 10:54:29', '2022-01-17 10:54:29'),
	(176, 'default', 'Tambah Data Menu', NULL, NULL, NULL, 'App\\Models\\User', 1, '[]', NULL, '2022-01-17 10:56:51', '2022-01-17 10:56:51'),
	(177, 'default', 'Tambah Data Sub Menu Akses', NULL, NULL, NULL, 'App\\Models\\User', 1, '[]', NULL, '2022-01-17 10:57:44', '2022-01-17 10:57:44'),
	(178, 'default', 'Tambah Data Sub Menu Akses', NULL, NULL, NULL, 'App\\Models\\User', 1, '[]', NULL, '2022-01-17 10:57:56', '2022-01-17 10:57:56'),
	(179, 'default', 'Tambah Data Sub Menu Akses', NULL, NULL, NULL, 'App\\Models\\User', 1, '[]', NULL, '2022-01-17 10:58:06', '2022-01-17 10:58:06'),
	(180, 'default', 'Tambah Data Menu Akses', NULL, NULL, NULL, 'App\\Models\\User', 1, '[]', NULL, '2022-01-17 10:58:18', '2022-01-17 10:58:18'),
	(181, 'default', 'Hapus Data Menu dengan ID = 11', NULL, NULL, NULL, 'App\\Models\\User', 1, '[]', NULL, '2022-01-17 10:59:12', '2022-01-17 10:59:12'),
	(182, 'default', 'Tambah Data Menu', NULL, NULL, NULL, 'App\\Models\\User', 1, '[]', NULL, '2022-01-17 10:59:32', '2022-01-17 10:59:32'),
	(183, 'default', 'Tambah Data Sub Menu', NULL, NULL, NULL, 'App\\Models\\User', 1, '[]', NULL, '2022-01-17 10:59:46', '2022-01-17 10:59:46'),
	(184, 'default', 'Tambah Data Menu Akses', NULL, NULL, NULL, 'App\\Models\\User', 1, '[]', NULL, '2022-01-17 11:00:28', '2022-01-17 11:00:28'),
	(185, 'default', 'Ubah Data Menu Akses dengan ID = 9', NULL, NULL, NULL, 'App\\Models\\User', 1, '[]', NULL, '2022-01-17 11:00:44', '2022-01-17 11:00:44'),
	(186, 'default', 'Tambah Data Sub Menu Akses', NULL, NULL, NULL, 'App\\Models\\User', 1, '[]', NULL, '2022-01-17 11:00:57', '2022-01-17 11:00:57'),
	(187, 'default', 'Hapus Data Sub Menu Akses dengan ID = 23', NULL, NULL, NULL, 'App\\Models\\User', 1, '[]', NULL, '2022-01-17 11:01:05', '2022-01-17 11:01:05'),
	(188, 'default', 'Tambah Data Sub Menu Akses', NULL, NULL, NULL, 'App\\Models\\User', 1, '[]', NULL, '2022-01-17 11:01:16', '2022-01-17 11:01:16'),
	(189, 'default', 'Ubah Data Sub Menu Akses dengan ID = 24', NULL, NULL, NULL, 'App\\Models\\User', 1, '[]', NULL, '2022-01-17 11:01:20', '2022-01-17 11:01:20'),
	(190, 'default', 'Hapus Data Menu Akses dengan ID = 9', NULL, NULL, NULL, 'App\\Models\\User', 1, '[]', NULL, '2022-01-17 11:02:06', '2022-01-17 11:02:06'),
	(191, 'default', 'Tambah Data Sub Menu Akses', NULL, NULL, NULL, 'App\\Models\\User', 1, '[]', NULL, '2022-01-17 11:07:17', '2022-01-17 11:07:17'),
	(192, 'default', 'Login', NULL, NULL, NULL, 'App\\Models\\User', 482, '[]', NULL, '2022-01-17 11:10:26', '2022-01-17 11:10:26'),
	(193, 'default', 'Tambah Data Menu Akses', NULL, NULL, NULL, 'App\\Models\\User', 1, '[]', NULL, '2022-01-17 11:11:56', '2022-01-17 11:11:56'),
	(194, 'default', 'Tambah Data Sub Menu Akses', NULL, NULL, NULL, 'App\\Models\\User', 1, '[]', NULL, '2022-01-17 11:12:16', '2022-01-17 11:12:16'),
	(195, 'default', 'Ubah Data Menu Akses dengan ID = 8', NULL, NULL, NULL, 'App\\Models\\User', 1, '[]', NULL, '2022-01-17 11:18:27', '2022-01-17 11:18:27'),
	(196, 'default', 'Ubah Data Menu Akses dengan ID = 8', NULL, NULL, NULL, 'App\\Models\\User', 1, '[]', NULL, '2022-01-17 11:18:37', '2022-01-17 11:18:37'),
	(197, 'default', 'Ubah Data Sub Menu Akses dengan ID = 21', NULL, NULL, NULL, 'App\\Models\\User', 1, '[]', NULL, '2022-01-17 11:30:08', '2022-01-17 11:30:08'),
	(198, 'default', 'Ubah Data Sub Menu Akses dengan ID = 21', NULL, NULL, NULL, 'App\\Models\\User', 1, '[]', NULL, '2022-01-17 11:30:19', '2022-01-17 11:30:19'),
	(199, 'default', 'Ubah Data Sub Menu Akses dengan ID = 21', NULL, NULL, NULL, 'App\\Models\\User', 1, '[]', NULL, '2022-01-17 11:30:29', '2022-01-17 11:30:29'),
	(200, 'default', 'Ubah Data Sub Menu Akses dengan ID = 21', NULL, NULL, NULL, 'App\\Models\\User', 1, '[]', NULL, '2022-01-17 11:30:40', '2022-01-17 11:30:40'),
	(201, 'default', 'Hapus Data Menu dengan ID = 12', NULL, NULL, NULL, 'App\\Models\\User', 1, '[]', NULL, '2022-01-17 11:31:16', '2022-01-17 11:31:16'),
	(202, 'default', 'Login', NULL, NULL, NULL, 'App\\Models\\User', 1, '[]', NULL, '2022-01-17 14:28:53', '2022-01-17 14:28:53'),
	(203, 'default', 'Log Out', NULL, NULL, NULL, 'App\\Models\\User', 1, '[]', NULL, '2022-01-17 14:52:02', '2022-01-17 14:52:02'),
	(204, 'default', 'Login', NULL, NULL, NULL, 'App\\Models\\User', 1, '[]', NULL, '2022-01-18 10:38:00', '2022-01-18 10:38:00'),
	(205, 'default', 'Tambah Data Group', NULL, NULL, NULL, 'App\\Models\\User', 1, '[]', NULL, '2022-01-18 10:38:17', '2022-01-18 10:38:17'),
	(206, 'default', 'Ubah Data Group dengan ID = 3', NULL, NULL, NULL, 'App\\Models\\User', 1, '[]', NULL, '2022-01-18 10:41:41', '2022-01-18 10:41:41'),
	(207, 'default', 'Tambah Data User', NULL, NULL, NULL, 'App\\Models\\User', 1, '[]', NULL, '2022-01-18 10:47:10', '2022-01-18 10:47:10'),
	(208, 'default', 'Ubah Data User dengan ID = 483', NULL, NULL, NULL, 'App\\Models\\User', 1, '[]', NULL, '2022-01-18 10:57:18', '2022-01-18 10:57:18'),
	(209, 'default', 'Log Out', NULL, NULL, NULL, 'App\\Models\\User', 1, '[]', NULL, '2022-01-18 13:41:46', '2022-01-18 13:41:46'),
	(210, 'default', 'Login', NULL, NULL, NULL, 'App\\Models\\User', 1, '[]', NULL, '2022-01-18 14:05:28', '2022-01-18 14:05:28'),
	(211, 'default', 'Login', NULL, NULL, NULL, 'App\\Models\\User', 1, '[]', NULL, '2022-02-18 09:08:52', '2022-02-18 09:08:52'),
	(212, 'default', 'Login', NULL, NULL, NULL, 'App\\Models\\User', 1, '[]', NULL, '2022-02-18 09:09:12', '2022-02-18 09:09:12'),
	(213, 'default', 'Tambah Data Menu', NULL, NULL, NULL, 'App\\Models\\User', 1, '[]', NULL, '2022-02-18 09:16:32', '2022-02-18 09:16:32'),
	(214, 'default', 'Tambah Data Sub Menu', NULL, NULL, NULL, 'App\\Models\\User', 1, '[]', NULL, '2022-02-18 09:16:58', '2022-02-18 09:16:58'),
	(215, 'default', 'Tambah Data Sub Menu', NULL, NULL, NULL, 'App\\Models\\User', 1, '[]', NULL, '2022-02-18 09:17:10', '2022-02-18 09:17:10'),
	(216, 'default', 'Ubah Data Menu dengan ID = 4', NULL, NULL, NULL, 'App\\Models\\User', 1, '[]', NULL, '2022-02-18 09:17:34', '2022-02-18 09:17:34'),
	(217, 'default', 'Ubah Data Menu dengan ID = 5', NULL, NULL, NULL, 'App\\Models\\User', 1, '[]', NULL, '2022-02-18 09:17:39', '2022-02-18 09:17:39'),
	(218, 'default', 'Ubah Data Menu dengan ID = 6', NULL, NULL, NULL, 'App\\Models\\User', 1, '[]', NULL, '2022-02-18 09:17:47', '2022-02-18 09:17:47'),
	(219, 'default', 'Ubah Data Menu dengan ID = 6', NULL, NULL, NULL, 'App\\Models\\User', 1, '[]', NULL, '2022-02-18 09:18:18', '2022-02-18 09:18:18'),
	(220, 'default', 'Ubah Data Menu dengan ID = 13', NULL, NULL, NULL, 'App\\Models\\User', 1, '[]', NULL, '2022-02-18 09:18:25', '2022-02-18 09:18:25'),
	(221, 'default', 'Tambah Data Menu Akses', NULL, NULL, NULL, 'App\\Models\\User', 1, '[]', NULL, '2022-02-18 09:25:25', '2022-02-18 09:25:25'),
	(222, 'default', 'Tambah Data Sub Menu Akses', NULL, NULL, NULL, 'App\\Models\\User', 1, '[]', NULL, '2022-02-18 09:25:42', '2022-02-18 09:25:42'),
	(223, 'default', 'Tambah Data Sub Menu Akses', NULL, NULL, NULL, 'App\\Models\\User', 1, '[]', NULL, '2022-02-18 09:25:54', '2022-02-18 09:25:54'),
	(224, 'default', 'Login', NULL, NULL, NULL, 'App\\Models\\User', 1, '[]', NULL, '2022-02-18 13:17:34', '2022-02-18 13:17:34'),
	(225, 'default', 'Login', NULL, NULL, NULL, 'App\\Models\\User', 1, '[]', NULL, '2022-02-18 18:53:02', '2022-02-18 18:53:02'),
	(226, 'default', 'Log Out', NULL, NULL, NULL, 'App\\Models\\User', 1, '[]', NULL, '2022-02-18 18:54:33', '2022-02-18 18:54:33'),
	(227, 'default', 'Login', NULL, NULL, NULL, 'App\\Models\\User', 1, '[]', NULL, '2022-02-20 19:08:56', '2022-02-20 19:08:56'),
	(228, 'default', 'Login', NULL, NULL, NULL, 'App\\Models\\User', 1, '[]', NULL, '2022-02-20 19:11:06', '2022-02-20 19:11:06'),
	(229, 'default', 'Hapus Data Pegawai dengan ID = 98', NULL, NULL, NULL, 'App\\Models\\User', 1, '[]', NULL, '2022-02-20 19:31:06', '2022-02-20 19:31:06'),
	(230, 'default', 'Hapus Data Pegawai dengan ID = 99', NULL, NULL, NULL, 'App\\Models\\User', 1, '[]', NULL, '2022-02-20 19:31:26', '2022-02-20 19:31:26'),
	(231, 'default', 'Log Out', NULL, NULL, NULL, 'App\\Models\\User', 1, '[]', NULL, '2022-02-20 19:37:32', '2022-02-20 19:37:32'),
	(232, 'default', 'Login', NULL, NULL, NULL, 'App\\Models\\User', 1, '[]', NULL, '2022-02-20 19:57:54', '2022-02-20 19:57:54'),
	(233, 'default', 'Log Out', NULL, NULL, NULL, 'App\\Models\\User', 1, '[]', NULL, '2022-02-20 19:59:01', '2022-02-20 19:59:01'),
	(234, 'default', 'Login', NULL, NULL, NULL, 'App\\Models\\User', 1, '[]', NULL, '2022-02-20 20:01:00', '2022-02-20 20:01:00'),
	(235, 'default', 'Ubah Data User dengan ID = 484', NULL, NULL, NULL, 'App\\Models\\User', 1, '[]', NULL, '2022-02-20 20:02:17', '2022-02-20 20:02:17'),
	(236, 'default', 'Log Out', NULL, NULL, NULL, 'App\\Models\\User', 1, '[]', NULL, '2022-02-20 20:02:23', '2022-02-20 20:02:23'),
	(237, 'default', 'Login', NULL, NULL, NULL, 'App\\Models\\User', 484, '[]', NULL, '2022-02-20 20:02:29', '2022-02-20 20:02:29'),
	(238, 'default', 'Log Out', NULL, NULL, NULL, 'App\\Models\\User', 484, '[]', NULL, '2022-02-20 20:02:34', '2022-02-20 20:02:34'),
	(239, 'default', 'Login', NULL, NULL, NULL, 'App\\Models\\User', 1, '[]', NULL, '2022-03-01 10:12:52', '2022-03-01 10:12:52'),
	(240, 'default', 'Log Out', NULL, NULL, NULL, 'App\\Models\\User', 1, '[]', NULL, '2022-03-01 10:33:28', '2022-03-01 10:33:28'),
	(241, 'default', 'Login', NULL, NULL, NULL, 'App\\Models\\User', 1, '[]', NULL, '2022-03-01 10:49:53', '2022-03-01 10:49:53'),
	(242, 'default', 'Ubah Data User dengan ID = 483', NULL, NULL, NULL, 'App\\Models\\User', 1, '[]', NULL, '2022-03-01 10:50:27', '2022-03-01 10:50:27'),
	(243, 'default', 'Log Out', NULL, NULL, NULL, 'App\\Models\\User', 1, '[]', NULL, '2022-03-01 10:50:36', '2022-03-01 10:50:36'),
	(244, 'default', 'Login', NULL, NULL, NULL, 'App\\Models\\User', 1, '[]', NULL, '2022-03-01 11:44:42', '2022-03-01 11:44:42'),
	(245, 'default', 'Hapus Data User dengan ID = 486', NULL, NULL, NULL, 'App\\Models\\User', 1, '[]', NULL, '2022-03-01 11:45:10', '2022-03-01 11:45:10'),
	(246, 'default', 'Hapus Data User dengan ID = 487', NULL, NULL, NULL, 'App\\Models\\User', 1, '[]', NULL, '2022-03-01 11:47:20', '2022-03-01 11:47:20'),
	(247, 'default', 'Hapus Data User dengan ID = 488', NULL, NULL, NULL, 'App\\Models\\User', 1, '[]', NULL, '2022-03-01 11:50:22', '2022-03-01 11:50:22'),
	(248, 'default', 'Hapus Data User dengan ID = 489', NULL, NULL, NULL, 'App\\Models\\User', 1, '[]', NULL, '2022-03-01 12:06:28', '2022-03-01 12:06:28'),
	(249, 'default', 'Hapus Data User dengan ID = 490', NULL, NULL, NULL, 'App\\Models\\User', 1, '[]', NULL, '2022-03-01 12:11:39', '2022-03-01 12:11:39'),
	(250, 'default', 'Hapus Data User dengan ID = 492', NULL, NULL, NULL, 'App\\Models\\User', 1, '[]', NULL, '2022-03-01 12:25:03', '2022-03-01 12:25:03'),
	(251, 'default', 'Login', NULL, NULL, NULL, 'App\\Models\\User', 1, '[]', NULL, '2022-03-01 12:42:26', '2022-03-01 12:42:26'),
	(252, 'default', 'Login', NULL, NULL, NULL, 'App\\Models\\User', 1, '[]', NULL, '2022-03-01 12:42:56', '2022-03-01 12:42:56'),
	(253, 'default', 'Hapus Data User dengan ID = 493', NULL, NULL, NULL, 'App\\Models\\User', 1, '[]', NULL, '2022-03-01 12:43:10', '2022-03-01 12:43:10'),
	(254, 'default', 'Login', NULL, NULL, NULL, 'App\\Models\\User', 1, '[]', NULL, '2022-03-01 14:11:48', '2022-03-01 14:11:48'),
	(255, 'default', 'Login', NULL, NULL, NULL, 'App\\Models\\User', 1, '[]', NULL, '2022-03-01 14:16:03', '2022-03-01 14:16:03'),
	(256, 'default', 'Log Out', NULL, NULL, NULL, 'App\\Models\\User', 1, '[]', NULL, '2022-03-01 14:16:31', '2022-03-01 14:16:31'),
	(257, 'default', 'Log Out', NULL, NULL, NULL, 'App\\Models\\User', 495, '[]', NULL, '2022-03-01 14:18:09', '2022-03-01 14:18:09'),
	(258, 'default', 'Login', NULL, NULL, NULL, 'App\\Models\\User', 1, '[]', NULL, '2022-03-01 14:18:28', '2022-03-01 14:18:28'),
	(259, 'default', 'Login', NULL, NULL, NULL, 'App\\Models\\User', 1, '[]', NULL, '2022-03-01 14:18:36', '2022-03-01 14:18:36'),
	(260, 'default', 'Login', NULL, NULL, NULL, 'App\\Models\\User', 1, '[]', NULL, '2022-03-01 14:19:15', '2022-03-01 14:19:15'),
	(261, 'default', 'Hapus Data User dengan ID = 495', NULL, NULL, NULL, 'App\\Models\\User', 1, '[]', NULL, '2022-03-01 14:19:26', '2022-03-01 14:19:26'),
	(262, 'default', 'Log Out', NULL, NULL, NULL, 'App\\Models\\User', 1, '[]', NULL, '2022-03-01 14:20:18', '2022-03-01 14:20:18'),
	(263, 'default', 'Login', NULL, NULL, NULL, 'App\\Models\\User', 1, '[]', NULL, '2022-03-01 14:20:20', '2022-03-01 14:20:20'),
	(264, 'default', 'Log Out', NULL, NULL, NULL, 'App\\Models\\User', 1, '[]', NULL, '2022-03-01 14:21:47', '2022-03-01 14:21:47'),
	(265, 'default', 'Log Out', NULL, NULL, NULL, 'App\\Models\\User', 496, '[]', NULL, '2022-03-01 14:23:10', '2022-03-01 14:23:10'),
	(266, 'default', 'Login', NULL, NULL, NULL, 'App\\Models\\User', 1, '[]', NULL, '2022-03-01 14:23:13', '2022-03-01 14:23:13'),
	(267, 'default', 'Login', NULL, NULL, NULL, 'App\\Models\\User', 1, '[]', NULL, '2022-03-01 15:48:09', '2022-03-01 15:48:09'),
	(268, 'default', 'Hapus Data User dengan ID = 496', NULL, NULL, NULL, 'App\\Models\\User', 1, '[]', NULL, '2022-03-01 15:49:12', '2022-03-01 15:49:12'),
	(269, 'default', 'Login', NULL, NULL, NULL, 'App\\Models\\User', 1, '[]', NULL, '2022-03-01 15:52:37', '2022-03-01 15:52:37'),
	(270, 'default', 'Login', NULL, NULL, NULL, 'App\\Models\\User', 1, '[]', NULL, '2022-03-01 15:53:06', '2022-03-01 15:53:06'),
	(271, 'default', 'Hapus Data User dengan ID = 497', NULL, NULL, NULL, 'App\\Models\\User', 1, '[]', NULL, '2022-03-01 15:53:33', '2022-03-01 15:53:33'),
	(272, 'default', 'Log Out', NULL, NULL, NULL, 'App\\Models\\User', 1, '[]', NULL, '2022-03-01 15:53:37', '2022-03-01 15:53:37'),
	(273, 'default', 'Log Out', NULL, NULL, NULL, 'App\\Models\\User', 498, '[]', NULL, '2022-03-01 15:54:10', '2022-03-01 15:54:10'),
	(274, 'default', 'Login', NULL, NULL, NULL, 'App\\Models\\User', 1, '[]', NULL, '2022-03-01 15:54:13', '2022-03-01 15:54:13'),
	(275, 'default', 'Hapus Data User dengan ID = 498', NULL, NULL, NULL, 'App\\Models\\User', 1, '[]', NULL, '2022-03-01 15:54:20', '2022-03-01 15:54:20'),
	(276, 'default', 'Log Out', NULL, NULL, NULL, 'App\\Models\\User', 1, '[]', NULL, '2022-03-01 15:54:39', '2022-03-01 15:54:39'),
	(277, 'default', 'Log Out', NULL, NULL, NULL, 'App\\Models\\User', 499, '[]', NULL, '2022-03-01 15:56:24', '2022-03-01 15:56:24'),
	(278, 'default', 'Login', NULL, NULL, NULL, 'App\\Models\\User', 1, '[]', NULL, '2022-03-01 15:56:27', '2022-03-01 15:56:27'),
	(279, 'default', 'Login', NULL, NULL, NULL, 'App\\Models\\User', 1, '[]', NULL, '2022-03-01 16:13:38', '2022-03-01 16:13:38'),
	(280, 'default', 'Hapus Data User dengan ID = 499', NULL, NULL, NULL, 'App\\Models\\User', 1, '[]', NULL, '2022-03-01 16:14:25', '2022-03-01 16:14:25'),
	(281, 'default', 'Log Out', NULL, NULL, NULL, 'App\\Models\\User', 1, '[]', NULL, '2022-03-01 16:14:29', '2022-03-01 16:14:29'),
	(282, 'default', 'Log Out', NULL, NULL, NULL, 'App\\Models\\User', 500, '[]', NULL, '2022-03-01 16:17:12', '2022-03-01 16:17:12'),
	(283, 'default', 'Login', NULL, NULL, NULL, 'App\\Models\\User', 1, '[]', NULL, '2022-03-01 16:17:14', '2022-03-01 16:17:14'),
	(284, 'default', 'Log Out', NULL, NULL, NULL, 'App\\Models\\User', 1, '[]', NULL, '2022-03-01 16:17:20', '2022-03-01 16:17:20'),
	(285, 'default', 'Login', NULL, NULL, NULL, 'App\\Models\\User', 1, '[]', NULL, '2022-03-01 16:17:25', '2022-03-01 16:17:25'),
	(286, 'default', 'Login', NULL, NULL, NULL, 'App\\Models\\User', 1, '[]', NULL, '2022-03-01 16:17:32', '2022-03-01 16:17:32'),
	(287, 'default', 'Hapus Data User dengan ID = 500', NULL, NULL, NULL, 'App\\Models\\User', 1, '[]', NULL, '2022-03-01 16:18:01', '2022-03-01 16:18:01'),
	(288, 'default', 'Log Out', NULL, NULL, NULL, 'App\\Models\\User', 1, '[]', NULL, '2022-03-01 16:18:07', '2022-03-01 16:18:07'),
	(289, 'default', 'Log Out', NULL, NULL, NULL, 'App\\Models\\User', 501, '[]', NULL, '2022-03-01 16:19:25', '2022-03-01 16:19:25'),
	(290, 'default', 'Login', NULL, NULL, NULL, 'App\\Models\\User', 1, '[]', NULL, '2022-03-01 16:19:27', '2022-03-01 16:19:27'),
	(291, 'default', 'Log Out', NULL, NULL, NULL, 'App\\Models\\User', 1, '[]', NULL, '2022-03-01 16:19:51', '2022-03-01 16:19:51'),
	(292, 'default', 'Login', NULL, NULL, NULL, 'App\\Models\\User', 1, '[]', NULL, '2022-03-01 16:19:53', '2022-03-01 16:19:53'),
	(293, 'default', 'Log Out', NULL, NULL, NULL, 'App\\Models\\User', 1, '[]', NULL, '2022-03-01 16:20:00', '2022-03-01 16:20:00'),
	(294, 'default', 'Login', NULL, NULL, NULL, 'App\\Models\\User', 1, '[]', NULL, '2022-03-01 16:20:02', '2022-03-01 16:20:02'),
	(295, 'default', 'Login', NULL, NULL, NULL, 'App\\Models\\User', 1, '[]', NULL, '2022-03-01 16:22:07', '2022-03-01 16:22:07'),
	(296, 'default', 'Login', NULL, NULL, NULL, 'App\\Models\\User', 1, '[]', NULL, '2022-03-01 16:24:17', '2022-03-01 16:24:17'),
	(297, 'default', 'Login', NULL, NULL, NULL, 'App\\Models\\User', 1, '[]', NULL, '2022-03-01 16:24:42', '2022-03-01 16:24:42'),
	(298, 'default', 'Log Out', NULL, NULL, NULL, 'App\\Models\\User', 1, '[]', NULL, '2022-03-01 16:25:19', '2022-03-01 16:25:19'),
	(299, 'default', 'Log Out', NULL, NULL, NULL, 'App\\Models\\User', 502, '[]', NULL, '2022-03-01 16:27:22', '2022-03-01 16:27:22'),
	(300, 'default', 'Login', NULL, NULL, NULL, 'App\\Models\\User', 502, '[]', NULL, '2022-03-01 16:27:29', '2022-03-01 16:27:29'),
	(301, 'default', 'Log Out', NULL, NULL, NULL, 'App\\Models\\User', 502, '[]', NULL, '2022-03-01 16:27:37', '2022-03-01 16:27:37'),
	(302, 'default', 'Login', NULL, NULL, NULL, 'App\\Models\\User', 1, '[]', NULL, '2022-03-01 16:27:40', '2022-03-01 16:27:40'),
	(303, 'default', 'Log Out', NULL, NULL, NULL, 'App\\Models\\User', 1, '[]', NULL, '2022-03-01 16:27:52', '2022-03-01 16:27:52'),
	(304, 'default', 'Login', NULL, NULL, NULL, 'App\\Models\\User', 502, '[]', NULL, '2022-03-01 16:27:59', '2022-03-01 16:27:59'),
	(305, 'default', 'Log Out', NULL, NULL, NULL, 'App\\Models\\User', 502, '[]', NULL, '2022-03-01 16:29:34', '2022-03-01 16:29:34'),
	(306, 'default', 'Login', NULL, NULL, NULL, 'App\\Models\\User', 1, '[]', NULL, '2022-03-01 16:29:41', '2022-03-01 16:29:41'),
	(307, 'default', 'Log Out', NULL, NULL, NULL, 'App\\Models\\User', 1, '[]', NULL, '2022-03-01 16:30:14', '2022-03-01 16:30:14'),
	(308, 'default', 'Login', NULL, NULL, NULL, 'App\\Models\\User', 1, '[]', NULL, '2022-03-01 16:30:16', '2022-03-01 16:30:16'),
	(309, 'default', 'Log Out', NULL, NULL, NULL, 'App\\Models\\User', 1, '[]', NULL, '2022-03-01 16:31:29', '2022-03-01 16:31:29'),
	(310, 'default', 'Login', NULL, NULL, NULL, 'App\\Models\\User', 1, '[]', NULL, '2022-03-01 16:34:44', '2022-03-01 16:34:44'),
	(311, 'default', 'Login', NULL, NULL, NULL, 'App\\Models\\User', 1, '[]', NULL, '2022-03-02 10:21:11', '2022-03-02 10:21:11'),
	(312, 'default', 'Tambah Data Menu', NULL, NULL, NULL, 'App\\Models\\User', 1, '[]', NULL, '2022-03-02 10:38:46', '2022-03-02 10:38:46'),
	(313, 'default', 'Ubah Data Menu dengan ID = 4', NULL, NULL, NULL, 'App\\Models\\User', 1, '[]', NULL, '2022-03-02 10:39:12', '2022-03-02 10:39:12'),
	(314, 'default', 'Ubah Data Menu dengan ID = 14', NULL, NULL, NULL, 'App\\Models\\User', 1, '[]', NULL, '2022-03-02 10:39:20', '2022-03-02 10:39:20'),
	(315, 'default', 'Ubah Data Menu dengan ID = 14', NULL, NULL, NULL, 'App\\Models\\User', 1, '[]', NULL, '2022-03-02 10:40:34', '2022-03-02 10:40:34'),
	(316, 'default', 'Tambah Data Menu Akses', NULL, NULL, NULL, 'App\\Models\\User', 1, '[]', NULL, '2022-03-02 10:40:51', '2022-03-02 10:40:51'),
	(317, 'default', 'Ubah Data Menu dengan ID = 14', NULL, NULL, NULL, 'App\\Models\\User', 1, '[]', NULL, '2022-03-02 10:44:57', '2022-03-02 10:44:57'),
	(318, 'default', 'Login', NULL, NULL, NULL, 'App\\Models\\User', 1, '[]', NULL, '2022-03-02 10:54:21', '2022-03-02 10:54:21'),
	(319, 'default', 'Log Out', NULL, NULL, NULL, 'App\\Models\\User', 1, '[]', NULL, '2022-03-02 11:07:29', '2022-03-02 11:07:29'),
	(320, 'default', 'Login', NULL, NULL, NULL, 'App\\Models\\User', 503, '[]', NULL, '2022-03-02 11:09:35', '2022-03-02 11:09:35'),
	(321, 'default', 'Log Out', NULL, NULL, NULL, 'App\\Models\\User', 503, '[]', NULL, '2022-03-02 11:09:55', '2022-03-02 11:09:55'),
	(322, 'default', 'Login', NULL, NULL, NULL, 'App\\Models\\User', 503, '[]', NULL, '2022-03-02 11:11:54', '2022-03-02 11:11:54'),
	(323, 'default', 'Log Out', NULL, NULL, NULL, 'App\\Models\\User', 503, '[]', NULL, '2022-03-02 11:13:24', '2022-03-02 11:13:24'),
	(324, 'default', 'Login', NULL, NULL, NULL, 'App\\Models\\User', 503, '[]', NULL, '2022-03-02 11:13:40', '2022-03-02 11:13:40'),
	(325, 'default', 'Login', NULL, NULL, NULL, 'App\\Models\\User', 1, '[]', NULL, '2022-03-02 11:14:05', '2022-03-02 11:14:05'),
	(326, 'default', 'Login', NULL, NULL, NULL, 'App\\Models\\User', 1, '[]', NULL, '2022-03-02 11:14:07', '2022-03-02 11:14:07'),
	(327, 'default', 'Log Out', NULL, NULL, NULL, 'App\\Models\\User', 1, '[]', NULL, '2022-03-02 11:14:13', '2022-03-02 11:14:13'),
	(328, 'default', 'Login', NULL, NULL, NULL, 'App\\Models\\User', 1, '[]', NULL, '2022-03-02 11:14:15', '2022-03-02 11:14:15'),
	(329, 'default', 'Hapus Data Pegawai dengan ID = 100', NULL, NULL, NULL, 'App\\Models\\User', 1, '[]', NULL, '2022-03-02 12:19:16', '2022-03-02 12:19:16'),
	(330, 'default', 'Hapus Data User dengan ID = 502', NULL, NULL, NULL, 'App\\Models\\User', 1, '[]', NULL, '2022-03-02 12:28:03', '2022-03-02 12:28:03'),
	(331, 'default', 'Ubah Data Profil dengan ID = 1', NULL, NULL, NULL, 'App\\Models\\User', 1, '[]', NULL, '2022-03-02 12:29:20', '2022-03-02 12:29:20'),
	(332, 'default', 'Ubah Data Pegawai dengan ID = 97', NULL, NULL, NULL, 'App\\Models\\User', 1, '[]', NULL, '2022-03-02 12:33:26', '2022-03-02 12:33:26'),
	(333, 'default', 'Ubah Data Pegawai dengan ID = 97', NULL, NULL, NULL, 'App\\Models\\User', 1, '[]', NULL, '2022-03-02 12:33:34', '2022-03-02 12:33:34'),
	(334, 'default', 'Ubah Data Pegawai dengan ID = 97', NULL, NULL, NULL, 'App\\Models\\User', 1, '[]', NULL, '2022-03-02 12:33:44', '2022-03-02 12:33:44'),
	(335, 'default', 'Ubah Data User dengan ID = 485', NULL, NULL, NULL, 'App\\Models\\User', 1, '[]', NULL, '2022-03-02 12:34:58', '2022-03-02 12:34:58'),
	(336, 'default', 'Ubah Data User dengan ID = 485', NULL, NULL, NULL, 'App\\Models\\User', 1, '[]', NULL, '2022-03-02 12:36:11', '2022-03-02 12:36:11'),
	(337, 'default', 'Hapus Data User dengan ID = 485', NULL, NULL, NULL, 'App\\Models\\User', 1, '[]', NULL, '2022-03-02 12:36:15', '2022-03-02 12:36:15'),
	(338, 'default', 'Ubah Data Group dengan ID = 3', NULL, NULL, NULL, 'App\\Models\\User', 1, '[]', NULL, '2022-03-02 13:28:42', '2022-03-02 13:28:42'),
	(339, 'default', 'Tambah Data Menu Akses', NULL, NULL, NULL, 'App\\Models\\User', 1, '[]', NULL, '2022-03-02 15:56:25', '2022-03-02 15:56:25'),
	(340, 'default', 'Ubah Data Menu Akses dengan ID = 17', NULL, NULL, NULL, 'App\\Models\\User', 1, '[]', NULL, '2022-03-02 15:56:34', '2022-03-02 15:56:34'),
	(341, 'default', 'Hapus Data Menu Akses dengan ID = 17', NULL, NULL, NULL, 'App\\Models\\User', 1, '[]', NULL, '2022-03-02 15:56:45', '2022-03-02 15:56:45'),
	(342, 'default', 'Tambah Data Menu Akses', NULL, NULL, NULL, 'App\\Models\\User', 1, '[]', NULL, '2022-03-02 15:56:59', '2022-03-02 15:56:59'),
	(343, 'default', 'Tambah Data Sub Menu Akses', NULL, NULL, NULL, 'App\\Models\\User', 1, '[]', NULL, '2022-03-02 16:04:04', '2022-03-02 16:04:04'),
	(344, 'default', 'Ubah Data Sub Menu Akses dengan ID = 29', NULL, NULL, NULL, 'App\\Models\\User', 1, '[]', NULL, '2022-03-02 16:04:18', '2022-03-02 16:04:18'),
	(345, 'default', 'Hapus Data Sub Menu Akses dengan ID = 29', NULL, NULL, NULL, 'App\\Models\\User', 1, '[]', NULL, '2022-03-02 16:04:36', '2022-03-02 16:04:36'),
	(346, 'default', 'Log Out', NULL, NULL, NULL, 'App\\Models\\User', 1, '[]', NULL, '2022-03-02 16:08:09', '2022-03-02 16:08:09'),
	(347, 'default', 'Login', NULL, NULL, NULL, 'App\\Models\\User', 1, '[]', NULL, '2022-03-02 16:08:11', '2022-03-02 16:08:11'),
	(348, 'default', 'Tambah Data Sub Menu Akses', NULL, NULL, NULL, 'App\\Models\\User', 1, '[]', NULL, '2022-03-02 16:09:38', '2022-03-02 16:09:38'),
	(349, 'default', 'Tambah Data Sub Menu Akses', NULL, NULL, NULL, 'App\\Models\\User', 1, '[]', NULL, '2022-03-02 16:09:51', '2022-03-02 16:09:51'),
	(350, 'default', 'Login', NULL, NULL, NULL, 'App\\Models\\User', 1, '[]', NULL, '2022-03-07 10:29:51', '2022-03-07 10:29:51'),
	(351, 'default', 'Tambah Data Menu Akses', NULL, NULL, NULL, 'App\\Models\\User', 1, '[]', NULL, '2022-03-07 10:35:11', '2022-03-07 10:35:11'),
	(352, 'default', 'Ubah Data Menu Akses dengan ID = 19', NULL, NULL, NULL, 'App\\Models\\User', 1, '[]', NULL, '2022-03-07 10:35:51', '2022-03-07 10:35:51'),
	(353, 'default', 'Ubah Data Menu Akses dengan ID = 19', NULL, NULL, NULL, 'App\\Models\\User', 1, '[]', NULL, '2022-03-07 10:36:38', '2022-03-07 10:36:38'),
	(354, 'default', 'Hapus Data Menu Akses dengan ID = 19', NULL, NULL, NULL, 'App\\Models\\User', 1, '[]', NULL, '2022-03-07 10:37:23', '2022-03-07 10:37:23'),
	(355, 'default', 'Tambah Data Sub Menu Akses', NULL, NULL, NULL, 'App\\Models\\User', 1, '[]', NULL, '2022-03-07 10:37:59', '2022-03-07 10:37:59'),
	(356, 'default', 'Ubah Data Sub Menu Akses dengan ID = 35', NULL, NULL, NULL, 'App\\Models\\User', 1, '[]', NULL, '2022-03-07 10:38:05', '2022-03-07 10:38:05'),
	(357, 'default', 'Ubah Data Sub Menu Akses dengan ID = 35', NULL, NULL, NULL, 'App\\Models\\User', 1, '[]', NULL, '2022-03-07 10:38:14', '2022-03-07 10:38:14'),
	(358, 'default', 'Hapus Data Sub Menu Akses dengan ID = 35', NULL, NULL, NULL, 'App\\Models\\User', 1, '[]', NULL, '2022-03-07 10:38:24', '2022-03-07 10:38:24'),
	(359, 'default', 'Ubah Data Menu dengan ID = 7', NULL, NULL, NULL, 'App\\Models\\User', 1, '[]', NULL, '2022-03-07 10:41:51', '2022-03-07 10:41:51'),
	(360, 'default', 'Ubah Data Menu dengan ID = 7', NULL, NULL, NULL, 'App\\Models\\User', 1, '[]', NULL, '2022-03-07 10:41:59', '2022-03-07 10:41:59'),
	(361, 'default', 'Tambah Data Sub Menu', NULL, NULL, NULL, 'App\\Models\\User', 1, '[]', NULL, '2022-03-07 10:51:22', '2022-03-07 10:51:22'),
	(362, 'default', 'Ubah Data Sub Menu dengan ID = 13', NULL, NULL, NULL, 'App\\Models\\User', 1, '[]', NULL, '2022-03-07 10:54:17', '2022-03-07 10:54:17'),
	(363, 'default', 'Ubah Data Sub Menu dengan ID = 13', NULL, NULL, NULL, 'App\\Models\\User', 1, '[]', NULL, '2022-03-07 10:54:24', '2022-03-07 10:54:24'),
	(364, 'default', 'Ubah Data Sub Menu dengan ID = 13', NULL, NULL, NULL, 'App\\Models\\User', 1, '[]', NULL, '2022-03-07 10:55:08', '2022-03-07 10:55:08'),
	(365, 'default', 'Ubah Data Sub Menu dengan ID = 13', NULL, NULL, NULL, 'App\\Models\\User', 1, '[]', NULL, '2022-03-07 10:55:21', '2022-03-07 10:55:21'),
	(366, 'default', 'Ubah Data Sub Menu dengan ID = 9', NULL, NULL, NULL, 'App\\Models\\User', 1, '[]', NULL, '2022-03-07 10:56:22', '2022-03-07 10:56:22'),
	(367, 'default', 'Ubah Data Sub Menu dengan ID = 13', NULL, NULL, NULL, 'App\\Models\\User', 1, '[]', NULL, '2022-03-07 10:56:29', '2022-03-07 10:56:29'),
	(368, 'default', 'Hapus Data Sub Menu dengan ID = 13', NULL, NULL, NULL, 'App\\Models\\User', 1, '[]', NULL, '2022-03-07 10:58:12', '2022-03-07 10:58:12'),
	(369, 'default', 'Tambah Data Sub Menu Akses', NULL, NULL, NULL, 'App\\Models\\User', 1, '[]', NULL, '2022-03-07 11:00:22', '2022-03-07 11:00:22'),
	(370, 'default', 'Ubah Data Sub Menu Akses dengan ID = 36', NULL, NULL, NULL, 'App\\Models\\User', 1, '[]', NULL, '2022-03-07 11:02:28', '2022-03-07 11:02:28'),
	(371, 'default', 'Ubah Data Sub Menu Akses dengan ID = 36', NULL, NULL, NULL, 'App\\Models\\User', 1, '[]', NULL, '2022-03-07 11:04:59', '2022-03-07 11:04:59'),
	(372, 'default', 'Ubah Data Sub Menu Akses dengan ID = 36', NULL, NULL, NULL, 'App\\Models\\User', 1, '[]', NULL, '2022-03-07 11:05:33', '2022-03-07 11:05:33'),
	(373, 'default', 'Ubah Data Sub Menu Akses dengan ID = 36', NULL, NULL, NULL, 'App\\Models\\User', 1, '[]', NULL, '2022-03-07 11:05:53', '2022-03-07 11:05:53'),
	(374, 'default', 'Ubah Data Sub Menu Akses dengan ID = 36', NULL, NULL, NULL, 'App\\Models\\User', 1, '[]', NULL, '2022-03-07 11:07:18', '2022-03-07 11:07:18'),
	(375, 'default', 'Ubah Data Sub Menu Akses dengan ID = 36', NULL, NULL, NULL, 'App\\Models\\User', 1, '[]', NULL, '2022-03-07 11:08:12', '2022-03-07 11:08:12'),
	(376, 'default', 'Hapus Data Sub Menu Akses dengan ID = 36', NULL, NULL, NULL, 'App\\Models\\User', 1, '[]', NULL, '2022-03-07 11:08:16', '2022-03-07 11:08:16'),
	(377, 'default', 'Ubah Data Group dengan ID = 3', NULL, NULL, NULL, 'App\\Models\\User', 1, '[]', NULL, '2022-03-07 11:10:29', '2022-03-07 11:10:29'),
	(378, 'default', 'Ubah Data Menu dengan ID = 13', NULL, NULL, NULL, 'App\\Models\\User', 1, '[]', NULL, '2022-03-07 11:11:06', '2022-03-07 11:11:06'),
	(379, 'default', 'Ubah Data Profil dengan ID = 1', NULL, NULL, NULL, 'App\\Models\\User', 1, '[]', NULL, '2022-03-07 11:11:54', '2022-03-07 11:11:54'),
	(380, 'default', 'Ubah Data Profil dengan ID = 1', NULL, NULL, NULL, 'App\\Models\\User', 1, '[]', NULL, '2022-03-07 11:12:26', '2022-03-07 11:12:26'),
	(381, 'default', 'Ubah Data Profil dengan ID = 1', NULL, NULL, NULL, 'App\\Models\\User', 1, '[]', NULL, '2022-03-07 11:13:40', '2022-03-07 11:13:40'),
	(382, 'default', 'Ubah Data User dengan ID = 484', NULL, NULL, NULL, 'App\\Models\\User', 1, '[]', NULL, '2022-03-07 11:13:58', '2022-03-07 11:13:58'),
	(383, 'default', 'Hapus Data User dengan ID = 484', NULL, NULL, NULL, 'App\\Models\\User', 1, '[]', NULL, '2022-03-07 11:14:07', '2022-03-07 11:14:07'),
	(384, 'default', 'Tambah Data Sub Menu Akses', NULL, NULL, NULL, 'App\\Models\\User', 1, '[]', NULL, '2022-03-07 11:16:20', '2022-03-07 11:16:20'),
	(385, 'default', 'Ubah Data Sub Menu Akses dengan ID = 38', NULL, NULL, NULL, 'App\\Models\\User', 1, '[]', NULL, '2022-03-07 11:16:48', '2022-03-07 11:16:48'),
	(386, 'default', 'Hapus Data Sub Menu Akses dengan ID = 38', NULL, NULL, NULL, 'App\\Models\\User', 1, '[]', NULL, '2022-03-07 11:16:51', '2022-03-07 11:16:51'),
	(387, 'default', 'Ubah Data Menu Akses dengan ID = 18', NULL, NULL, NULL, 'App\\Models\\User', 1, '[]', NULL, '2022-03-07 11:18:09', '2022-03-07 11:18:09'),
	(388, 'default', 'Ubah Data Sub Menu dengan ID = 9', NULL, NULL, NULL, 'App\\Models\\User', 1, '[]', NULL, '2022-03-07 11:19:56', '2022-03-07 11:19:56'),
	(389, 'default', 'Tambah Data Sub Menu', NULL, NULL, NULL, 'App\\Models\\User', 1, '[]', NULL, '2022-03-07 11:20:06', '2022-03-07 11:20:06'),
	(390, 'default', 'Ubah Data Sub Menu dengan ID = 14', NULL, NULL, NULL, 'App\\Models\\User', 1, '[]', NULL, '2022-03-07 11:20:12', '2022-03-07 11:20:12'),
	(391, 'default', 'Hapus Data Sub Menu dengan ID = 14', NULL, NULL, NULL, 'App\\Models\\User', 1, '[]', NULL, '2022-03-07 11:20:17', '2022-03-07 11:20:17'),
	(392, 'default', 'Ubah Data Pegawai dengan ID = 97', NULL, NULL, NULL, 'App\\Models\\User', 1, '[]', NULL, '2022-03-07 11:22:26', '2022-03-07 11:22:26'),
	(393, 'default', 'Hapus Data Pegawai dengan ID = 97', NULL, NULL, NULL, 'App\\Models\\User', 1, '[]', NULL, '2022-03-07 11:22:30', '2022-03-07 11:22:30'),
	(394, 'default', 'Log Out', NULL, NULL, NULL, 'App\\Models\\User', 1, '[]', NULL, '2022-03-07 11:29:17', '2022-03-07 11:29:17'),
	(395, 'default', 'Login', NULL, NULL, NULL, 'App\\Models\\User', 1, '[]', NULL, '2022-03-08 09:20:10', '2022-03-08 09:20:10'),
	(396, 'default', 'Tambah Data Group', NULL, NULL, NULL, 'App\\Models\\User', 1, '[]', NULL, '2022-03-08 09:22:30', '2022-03-08 09:22:30'),
	(397, 'default', 'Tambah Data Menu Akses', NULL, NULL, NULL, 'App\\Models\\User', 1, '[]', NULL, '2022-03-08 09:22:50', '2022-03-08 09:22:50'),
	(398, 'default', 'Tambah Data Sub Menu Akses', NULL, NULL, NULL, 'App\\Models\\User', 1, '[]', NULL, '2022-03-08 09:23:11', '2022-03-08 09:23:11'),
	(399, 'default', 'Ubah Data Sub Menu Akses dengan ID = 39', NULL, NULL, NULL, 'App\\Models\\User', 1, '[]', NULL, '2022-03-08 09:23:18', '2022-03-08 09:23:18'),
	(400, 'default', 'Hapus Data Sub Menu Akses dengan ID = 39', NULL, NULL, NULL, 'App\\Models\\User', 1, '[]', NULL, '2022-03-08 09:23:30', '2022-03-08 09:23:30'),
	(401, 'default', 'Ubah Data Menu Akses dengan ID = 20', NULL, NULL, NULL, 'App\\Models\\User', 1, '[]', NULL, '2022-03-08 09:23:51', '2022-03-08 09:23:51'),
	(402, 'default', 'Hapus Data Menu Akses dengan ID = 20', NULL, NULL, NULL, 'App\\Models\\User', 1, '[]', NULL, '2022-03-08 09:24:02', '2022-03-08 09:24:02'),
	(403, 'default', 'Tambah Data Sub Menu Akses', NULL, NULL, NULL, 'App\\Models\\User', 1, '[]', NULL, '2022-03-08 09:27:50', '2022-03-08 09:27:50'),
	(404, 'default', 'Tambah Data Sub Menu Akses', NULL, NULL, NULL, 'App\\Models\\User', 1, '[]', NULL, '2022-03-08 09:28:05', '2022-03-08 09:28:05'),
	(405, 'default', 'Tambah Data Menu Akses', NULL, NULL, NULL, 'App\\Models\\User', 1, '[]', NULL, '2022-03-08 09:29:10', '2022-03-08 09:29:10'),
	(406, 'default', 'Hapus Data Menu Akses dengan ID = 21', NULL, NULL, NULL, 'App\\Models\\User', 1, '[]', NULL, '2022-03-08 09:30:29', '2022-03-08 09:30:29'),
	(407, 'default', 'Hapus Data Group dengan ID = 4', NULL, NULL, NULL, 'App\\Models\\User', 1, '[]', NULL, '2022-03-08 09:30:40', '2022-03-08 09:30:40'),
	(408, 'default', 'Log Out', NULL, NULL, NULL, 'App\\Models\\User', 1, '[]', NULL, '2022-03-08 09:35:37', '2022-03-08 09:35:37'),
	(409, 'default', 'Login', NULL, NULL, NULL, 'App\\Models\\User', 1, '[]', NULL, '2022-03-08 09:35:39', '2022-03-08 09:35:39'),
	(410, 'default', 'Ubah Data Menu dengan ID = 7', NULL, NULL, NULL, 'App\\Models\\User', 1, '[]', NULL, '2022-03-08 09:41:09', '2022-03-08 09:41:09'),
	(411, 'default', 'Tambah Data Sub Menu', NULL, NULL, NULL, 'App\\Models\\User', 1, '[]', NULL, '2022-03-08 09:41:20', '2022-03-08 09:41:20'),
	(412, 'default', 'Ubah Data Sub Menu dengan ID = 15', NULL, NULL, NULL, 'App\\Models\\User', 1, '[]', NULL, '2022-03-08 09:41:28', '2022-03-08 09:41:28'),
	(413, 'default', 'Hapus Data Sub Menu dengan ID = 15', NULL, NULL, NULL, 'App\\Models\\User', 1, '[]', NULL, '2022-03-08 09:41:32', '2022-03-08 09:41:32'),
	(414, 'default', 'Tambah Data Sub Menu Akses', NULL, NULL, NULL, 'App\\Models\\User', 1, '[]', NULL, '2022-03-08 09:49:14', '2022-03-08 09:49:14'),
	(415, 'default', 'Hapus Data Sub Menu Akses dengan ID = 43', NULL, NULL, NULL, 'App\\Models\\User', 1, '[]', NULL, '2022-03-08 09:49:29', '2022-03-08 09:49:29'),
	(416, 'default', 'Log Out', NULL, NULL, NULL, 'App\\Models\\User', 1, '[]', NULL, '2022-03-08 09:53:48', '2022-03-08 09:53:48'),
	(417, 'default', 'Login', NULL, NULL, NULL, 'App\\Models\\User', 1, '[]', NULL, '2022-03-08 10:00:40', '2022-03-08 10:00:40'),
	(418, 'default', 'Ubah Data Pengaturan', NULL, NULL, NULL, 'App\\Models\\User', 1, '[]', NULL, '2022-03-08 10:15:22', '2022-03-08 10:15:22'),
	(419, 'default', 'Ubah Data Pengaturan', NULL, NULL, NULL, 'App\\Models\\User', 1, '[]', NULL, '2022-03-08 10:15:52', '2022-03-08 10:15:52'),
	(420, 'default', 'Ubah Data Pengaturan', NULL, NULL, NULL, 'App\\Models\\User', 1, '[]', NULL, '2022-03-08 10:15:57', '2022-03-08 10:15:57'),
	(421, 'default', 'Ubah Data Pengaturan', NULL, NULL, NULL, 'App\\Models\\User', 1, '[]', NULL, '2022-03-08 10:16:05', '2022-03-08 10:16:05'),
	(422, 'default', 'Ubah Data Pengaturan', NULL, NULL, NULL, 'App\\Models\\User', 1, '[]', NULL, '2022-03-08 10:16:13', '2022-03-08 10:16:13'),
	(423, 'default', 'Ubah Data Pengaturan', NULL, NULL, NULL, 'App\\Models\\User', 1, '[]', NULL, '2022-03-08 10:16:18', '2022-03-08 10:16:18'),
	(424, 'default', 'Ubah Data Menu dengan ID = 7', NULL, NULL, NULL, 'App\\Models\\User', 1, '[]', NULL, '2022-03-08 10:23:32', '2022-03-08 10:23:32'),
	(425, 'default', 'Ubah Data Pegawai dengan ID = 93', NULL, NULL, NULL, 'App\\Models\\User', 1, '[]', NULL, '2022-03-08 10:25:06', '2022-03-08 10:25:06'),
	(426, 'default', 'Log Out', NULL, NULL, NULL, 'App\\Models\\User', 1, '[]', NULL, '2022-03-08 10:25:10', '2022-03-08 10:25:10'),
	(427, 'default', 'Login', NULL, NULL, NULL, 'App\\Models\\User', 1, '[]', NULL, '2022-03-08 10:27:41', '2022-03-08 10:27:41'),
	(428, 'default', 'Log Out', NULL, NULL, NULL, 'App\\Models\\User', 1, '[]', NULL, '2022-03-08 10:27:49', '2022-03-08 10:27:49'),
	(429, 'default', 'Login', NULL, NULL, NULL, 'App\\Models\\User', 1, '[]', NULL, '2022-03-08 10:31:33', '2022-03-08 10:31:33'),
	(430, 'default', 'Log Out', NULL, NULL, NULL, 'App\\Models\\User', 1, '[]', NULL, '2022-03-08 10:31:42', '2022-03-08 10:31:42'),
	(431, 'default', 'Login', NULL, NULL, NULL, 'App\\Models\\User', 504, '[]', NULL, '2022-03-08 10:34:37', '2022-03-08 10:34:37'),
	(432, 'default', 'Log Out', NULL, NULL, NULL, 'App\\Models\\User', 504, '[]', NULL, '2022-03-08 10:35:30', '2022-03-08 10:35:30'),
	(433, 'default', 'Log Out', NULL, NULL, NULL, 'App\\Models\\User', 504, '[]', NULL, '2022-03-08 10:36:58', '2022-03-08 10:36:58'),
	(434, 'default', 'Login', NULL, NULL, NULL, 'App\\Models\\User', 504, '[]', NULL, '2022-03-08 10:37:06', '2022-03-08 10:37:06'),
	(435, 'default', 'Log Out', NULL, NULL, NULL, 'App\\Models\\User', 504, '[]', NULL, '2022-03-08 10:37:10', '2022-03-08 10:37:10'),
	(436, 'default', 'Log Out', NULL, NULL, NULL, 'App\\Models\\User', 504, '[]', NULL, '2022-03-08 10:44:30', '2022-03-08 10:44:30'),
	(437, 'default', 'Login', NULL, NULL, NULL, 'App\\Models\\User', 1, '[]', NULL, '2022-03-08 10:55:22', '2022-03-08 10:55:22'),
	(438, 'default', 'Log Out', NULL, NULL, NULL, 'App\\Models\\User', 1, '[]', NULL, '2022-03-08 11:24:16', '2022-03-08 11:24:16'),
	(439, 'default', 'Login', NULL, NULL, NULL, 'App\\Models\\User', 1, '[]', NULL, '2022-05-19 14:31:48', '2022-05-19 14:31:48'),
	(440, 'default', 'Log Out', NULL, NULL, NULL, 'App\\Models\\User', 1, '[]', NULL, '2022-05-19 15:04:18', '2022-05-19 15:04:18'),
	(441, 'default', 'Login', NULL, NULL, NULL, 'App\\Models\\User', 1, '[]', NULL, '2022-05-19 15:57:58', '2022-05-19 15:57:58'),
	(442, 'default', 'Login', NULL, NULL, NULL, 'App\\Models\\User', 1, '[]', NULL, '2022-05-23 08:01:15', '2022-05-23 08:01:15'),
	(443, 'default', 'Login', NULL, NULL, NULL, 'App\\Models\\User', 1, '[]', NULL, '2022-05-23 15:16:48', '2022-05-23 15:16:48'),
	(444, 'default', 'Login', NULL, NULL, NULL, 'App\\Models\\User', 1, '[]', NULL, '2022-05-24 06:04:39', '2022-05-24 06:04:39'),
	(445, 'default', 'Ubah Data Menu dengan ID = 4', NULL, NULL, NULL, 'App\\Models\\User', 1, '[]', NULL, '2022-05-24 06:38:46', '2022-05-24 06:38:46'),
	(446, 'default', 'Tambah Data Menu', NULL, NULL, NULL, 'App\\Models\\User', 1, '[]', NULL, '2022-05-24 06:41:29', '2022-05-24 06:41:29'),
	(447, 'default', 'Ubah Data Menu dengan ID = 4', NULL, NULL, NULL, 'App\\Models\\User', 1, '[]', NULL, '2022-05-24 06:42:25', '2022-05-24 06:42:25'),
	(448, 'default', 'Ubah Data Menu dengan ID = 15', NULL, NULL, NULL, 'App\\Models\\User', 1, '[]', NULL, '2022-05-24 06:42:54', '2022-05-24 06:42:54'),
	(449, 'default', 'Ubah Data Menu dengan ID = 14', NULL, NULL, NULL, 'App\\Models\\User', 1, '[]', NULL, '2022-05-24 06:43:02', '2022-05-24 06:43:02'),
	(450, 'default', 'Ubah Data Menu dengan ID = 5', NULL, NULL, NULL, 'App\\Models\\User', 1, '[]', NULL, '2022-05-24 06:43:08', '2022-05-24 06:43:08'),
	(451, 'default', 'Ubah Data Menu dengan ID = 13', NULL, NULL, NULL, 'App\\Models\\User', 1, '[]', NULL, '2022-05-24 06:43:22', '2022-05-24 06:43:22'),
	(452, 'default', 'Ubah Data Menu dengan ID = 15', NULL, NULL, NULL, 'App\\Models\\User', 1, '[]', NULL, '2022-05-24 06:43:55', '2022-05-24 06:43:55'),
	(453, 'default', 'Tambah Data Menu Akses', NULL, NULL, NULL, 'App\\Models\\User', 1, '[]', NULL, '2022-05-24 06:44:19', '2022-05-24 06:44:19'),
	(454, 'default', 'Login', NULL, NULL, NULL, 'App\\Models\\User', 1, '[]', NULL, '2022-05-24 08:36:47', '2022-05-24 08:36:47'),
	(455, 'default', 'Login', NULL, NULL, NULL, 'App\\Models\\User', 1, '[]', NULL, '2022-05-24 21:33:26', '2022-05-24 21:33:26'),
	(456, 'default', 'Ubah Data Menu dengan ID = 13', NULL, NULL, NULL, 'App\\Models\\User', 1, '[]', NULL, '2022-05-24 21:50:32', '2022-05-24 21:50:32'),
	(457, 'default', 'Tambah Data Menu', NULL, NULL, NULL, 'App\\Models\\User', 1, '[]', NULL, '2022-05-24 21:50:50', '2022-05-24 21:50:50'),
	(458, 'default', 'Tambah Data Menu Akses', NULL, NULL, NULL, 'App\\Models\\User', 1, '[]', NULL, '2022-05-24 21:51:12', '2022-05-24 21:51:12'),
	(459, 'default', 'Login', NULL, NULL, NULL, 'App\\Models\\User', 1, '[]', NULL, '2022-05-25 11:05:13', '2022-05-25 11:05:13'),
	(460, 'default', 'Login', NULL, NULL, NULL, 'App\\Models\\User', 1, '[]', NULL, '2022-05-25 15:09:08', '2022-05-25 15:09:08'),
	(461, 'default', 'Login', NULL, NULL, NULL, 'App\\Models\\User', 1, '[]', NULL, '2022-05-25 16:00:20', '2022-05-25 16:00:20'),
	(462, 'default', 'Login', NULL, NULL, NULL, 'App\\Models\\User', 1, '[]', NULL, '2022-05-25 16:00:52', '2022-05-25 16:00:52'),
	(463, 'default', 'Ubah Data Menu dengan ID = 13', NULL, NULL, NULL, 'App\\Models\\User', 1, '[]', NULL, '2022-05-25 16:01:57', '2022-05-25 16:01:57'),
	(464, 'default', 'Tambah Data Menu', NULL, NULL, NULL, 'App\\Models\\User', 1, '[]', NULL, '2022-05-25 16:02:02', '2022-05-25 16:02:02'),
	(465, 'default', 'Tambah Data Menu Akses', NULL, NULL, NULL, 'App\\Models\\User', 1, '[]', NULL, '2022-05-25 16:02:20', '2022-05-25 16:02:20'),
	(466, 'default', 'Ubah Data Menu dengan ID = 17', NULL, NULL, NULL, 'App\\Models\\User', 1, '[]', NULL, '2022-05-25 16:02:34', '2022-05-25 16:02:34'),
	(467, 'default', 'Login', NULL, NULL, NULL, 'App\\Models\\User', 1, '[]', NULL, '2022-05-30 13:35:46', '2022-05-30 13:35:46'),
	(468, 'default', 'Login', NULL, NULL, NULL, 'App\\Models\\User', 1, '[]', NULL, '2022-05-30 15:44:34', '2022-05-30 15:44:34'),
	(469, 'default', 'Log Out', NULL, NULL, NULL, 'App\\Models\\User', 1, '[]', NULL, '2022-05-30 16:07:24', '2022-05-30 16:07:24'),
	(470, 'default', 'Login', NULL, NULL, NULL, 'App\\Models\\User', 1, '[]', NULL, '2022-05-31 12:39:19', '2022-05-31 12:39:19'),
	(471, 'default', 'Login', NULL, NULL, NULL, 'App\\Models\\User', 1, '[]', NULL, '2022-06-02 11:05:28', '2022-06-02 11:05:28'),
	(472, 'default', 'Login', NULL, NULL, NULL, 'App\\Models\\User', 1, '[]', NULL, '2022-06-03 10:35:45', '2022-06-03 10:35:45'),
	(473, 'default', 'Ubah Data Menu dengan ID = 4', NULL, NULL, NULL, 'App\\Models\\User', 1, '[]', NULL, '2022-06-03 11:00:35', '2022-06-03 11:00:35'),
	(474, 'default', 'Ubah Data Menu dengan ID = 5', NULL, NULL, NULL, 'App\\Models\\User', 1, '[]', NULL, '2022-06-03 11:00:56', '2022-06-03 11:00:56'),
	(475, 'default', 'Tambah Data Menu', NULL, NULL, NULL, 'App\\Models\\User', 1, '[]', NULL, '2022-06-03 11:01:21', '2022-06-03 11:01:21'),
	(476, 'default', 'Tambah Data Menu Akses', NULL, NULL, NULL, 'App\\Models\\User', 1, '[]', NULL, '2022-06-03 11:01:40', '2022-06-03 11:01:40'),
	(477, 'default', 'Ubah Data Menu dengan ID = 18', NULL, NULL, NULL, 'App\\Models\\User', 1, '[]', NULL, '2022-06-03 11:02:02', '2022-06-03 11:02:02'),
	(478, 'default', 'Ubah Data Menu dengan ID = 18', NULL, NULL, NULL, 'App\\Models\\User', 1, '[]', NULL, '2022-06-03 11:02:14', '2022-06-03 11:02:14'),
	(479, 'default', 'Ubah Data Menu dengan ID = 18', NULL, NULL, NULL, 'App\\Models\\User', 1, '[]', NULL, '2022-06-03 11:02:25', '2022-06-03 11:02:25'),
	(480, 'default', 'Login', NULL, NULL, NULL, 'App\\Models\\User', 1, '[]', NULL, '2022-06-03 16:58:18', '2022-06-03 16:58:18'),
	(481, 'default', 'Login', NULL, NULL, NULL, 'App\\Models\\User', 1, '[]', NULL, '2022-06-03 18:34:05', '2022-06-03 18:34:05'),
	(482, 'default', 'Login', NULL, NULL, NULL, 'App\\Models\\User', 1, '[]', NULL, '2022-06-04 09:08:02', '2022-06-04 09:08:02'),
	(483, 'default', 'Login', NULL, NULL, NULL, 'App\\Models\\User', 1, '[]', NULL, '2022-06-04 21:38:16', '2022-06-04 21:38:16'),
	(484, 'default', 'Ubah Data Pengaturan', NULL, NULL, NULL, 'App\\Models\\User', 1, '[]', NULL, '2022-06-04 21:38:43', '2022-06-04 21:38:43'),
	(485, 'default', 'Login', NULL, NULL, NULL, 'App\\Models\\User', 1, '[]', NULL, '2022-06-05 05:33:39', '2022-06-05 05:33:39'),
	(486, 'default', 'Login', NULL, NULL, NULL, 'App\\Models\\User', 1, '[]', NULL, '2022-06-06 15:10:56', '2022-06-06 15:10:56'),
	(487, 'default', 'Login', NULL, NULL, NULL, 'App\\Models\\User', 1, '[]', NULL, '2022-06-07 15:09:02', '2022-06-07 15:09:02'),
	(488, 'default', 'Login', NULL, NULL, NULL, 'App\\Models\\User', 1, '[]', NULL, '2022-06-07 16:58:11', '2022-06-07 16:58:11'),
	(489, 'default', 'Tambah Data Menu', NULL, NULL, NULL, 'App\\Models\\User', 1, '[]', NULL, '2022-06-07 17:12:48', '2022-06-07 17:12:48'),
	(490, 'default', 'Ubah Data Menu dengan ID = 19', NULL, NULL, NULL, 'App\\Models\\User', 1, '[]', NULL, '2022-06-07 17:13:13', '2022-06-07 17:13:13'),
	(491, 'default', 'Tambah Data Sub Menu', NULL, NULL, NULL, 'App\\Models\\User', 1, '[]', NULL, '2022-06-07 17:14:23', '2022-06-07 17:14:23'),
	(492, 'default', 'Tambah Data Menu Akses', NULL, NULL, NULL, 'App\\Models\\User', 1, '[]', NULL, '2022-06-07 17:15:27', '2022-06-07 17:15:27'),
	(493, 'default', 'Tambah Data Sub Menu Akses', NULL, NULL, NULL, 'App\\Models\\User', 1, '[]', NULL, '2022-06-07 17:15:44', '2022-06-07 17:15:44'),
	(494, 'default', 'Login', NULL, NULL, NULL, 'App\\Models\\User', 1, '[]', NULL, '2022-06-07 20:23:53', '2022-06-07 20:23:53'),
	(495, 'default', 'Tambah Data Office', NULL, NULL, NULL, 'App\\Models\\User', 1, '[]', NULL, '2022-06-07 20:34:15', '2022-06-07 20:34:15'),
	(496, 'default', 'Ubah Data Office dengan ID = 1', NULL, NULL, NULL, 'App\\Models\\User', 1, '[]', NULL, '2022-06-07 20:35:59', '2022-06-07 20:35:59'),
	(497, 'default', 'Ubah Data Office dengan ID = 1', NULL, NULL, NULL, 'App\\Models\\User', 1, '[]', NULL, '2022-06-07 20:36:09', '2022-06-07 20:36:09'),
	(498, 'default', 'Hapus Data Office dengan ID = 1', NULL, NULL, NULL, 'App\\Models\\User', 1, '[]', NULL, '2022-06-07 20:36:15', '2022-06-07 20:36:15'),
	(499, 'default', 'Login', NULL, NULL, NULL, 'App\\Models\\User', 1, '[]', NULL, '2022-06-08 11:20:14', '2022-06-08 11:20:14'),
	(500, 'default', 'Tambah Data Sub Menu', NULL, NULL, NULL, 'App\\Models\\User', 1, '[]', NULL, '2022-06-08 11:30:10', '2022-06-08 11:30:10'),
	(501, 'default', 'Tambah Data Sub Menu Akses', NULL, NULL, NULL, 'App\\Models\\User', 1, '[]', NULL, '2022-06-08 11:32:52', '2022-06-08 11:32:52'),
	(502, 'default', 'Tambah Data PositionClass', NULL, NULL, NULL, 'App\\Models\\User', 1, '[]', NULL, '2022-06-08 13:04:54', '2022-06-08 13:04:54'),
	(503, 'default', 'Tambah Data Office', NULL, NULL, NULL, 'App\\Models\\User', 1, '[]', NULL, '2022-06-08 13:28:37', '2022-06-08 13:28:37'),
	(504, 'default', 'Tambah Data Jabatan', NULL, NULL, NULL, 'App\\Models\\User', 1, '[]', NULL, '2022-06-08 14:19:58', '2022-06-08 14:19:58'),
	(505, 'default', 'Ubah Data Jabatan dengan ID = 1', NULL, NULL, NULL, 'App\\Models\\User', 1, '[]', NULL, '2022-06-08 14:56:48', '2022-06-08 14:56:48'),
	(506, 'default', 'Hapus Data Jabatan dengan ID = 1', NULL, NULL, NULL, 'App\\Models\\User', 1, '[]', NULL, '2022-06-08 14:57:30', '2022-06-08 14:57:30'),
	(507, 'default', 'Tambah Data Jabatan', NULL, NULL, NULL, 'App\\Models\\User', 1, '[]', NULL, '2022-06-08 15:05:54', '2022-06-08 15:05:54'),
	(508, 'default', 'Tambah Data PositionClass', NULL, NULL, NULL, 'App\\Models\\User', 1, '[]', NULL, '2022-06-08 16:53:01', '2022-06-08 16:53:01'),
	(509, 'default', 'Tambah Data Jabatan', NULL, NULL, NULL, 'App\\Models\\User', 1, '[]', NULL, '2022-06-08 16:53:26', '2022-06-08 16:53:26'),
	(510, 'default', 'Tambah Data Jabatan', NULL, NULL, NULL, 'App\\Models\\User', 1, '[]', NULL, '2022-06-08 16:53:38', '2022-06-08 16:53:38'),
	(511, 'default', 'Tambah Data Jabatan', NULL, NULL, NULL, 'App\\Models\\User', 1, '[]', NULL, '2022-06-08 16:53:48', '2022-06-08 16:53:48'),
	(512, 'default', 'Login', NULL, NULL, NULL, 'App\\Models\\User', 1, '[]', NULL, '2022-06-09 13:03:27', '2022-06-09 13:03:27'),
	(513, 'default', 'Ubah Data PositionClass dengan ID = 1', NULL, NULL, NULL, 'App\\Models\\User', 1, '[]', NULL, '2022-06-09 13:05:51', '2022-06-09 13:05:51'),
	(514, 'default', 'Ubah Data PositionClass dengan ID = 2', NULL, NULL, NULL, 'App\\Models\\User', 1, '[]', NULL, '2022-06-09 13:06:08', '2022-06-09 13:06:08'),
	(515, 'default', 'Tambah Data PositionClass', NULL, NULL, NULL, 'App\\Models\\User', 1, '[]', NULL, '2022-06-09 13:06:19', '2022-06-09 13:06:19'),
	(516, 'default', 'Tambah Data Jabatan', NULL, NULL, NULL, 'App\\Models\\User', 1, '[]', NULL, '2022-06-09 13:11:53', '2022-06-09 13:11:53'),
	(517, 'default', 'Tambah Data Jabatan', NULL, NULL, NULL, 'App\\Models\\User', 1, '[]', NULL, '2022-06-09 13:13:47', '2022-06-09 13:13:47'),
	(518, 'default', 'Tambah Data Jabatan', NULL, NULL, NULL, 'App\\Models\\User', 1, '[]', NULL, '2022-06-09 13:30:04', '2022-06-09 13:30:04'),
	(519, 'default', 'Tambah Data Jabatan', NULL, NULL, NULL, 'App\\Models\\User', 1, '[]', NULL, '2022-06-09 13:32:33', '2022-06-09 13:32:33'),
	(520, 'default', 'Tambah Data Jabatan', NULL, NULL, NULL, 'App\\Models\\User', 1, '[]', NULL, '2022-06-09 13:33:05', '2022-06-09 13:33:05'),
	(521, 'default', 'Tambah Data Jabatan', NULL, NULL, NULL, 'App\\Models\\User', 1, '[]', NULL, '2022-06-09 13:33:16', '2022-06-09 13:33:16'),
	(522, 'default', 'Tambah Data PositionClass', NULL, NULL, NULL, 'App\\Models\\User', 1, '[]', NULL, '2022-06-09 13:41:22', '2022-06-09 13:41:22'),
	(523, 'default', 'Tambah Data PositionClass', NULL, NULL, NULL, 'App\\Models\\User', 1, '[]', NULL, '2022-06-09 13:41:47', '2022-06-09 13:41:47'),
	(524, 'default', 'Tambah Data PositionClass', NULL, NULL, NULL, 'App\\Models\\User', 1, '[]', NULL, '2022-06-09 13:42:02', '2022-06-09 13:42:02'),
	(525, 'default', 'Tambah Data Jabatan', NULL, NULL, NULL, 'App\\Models\\User', 1, '[]', NULL, '2022-06-09 13:54:28', '2022-06-09 13:54:28'),
	(526, 'default', 'Ubah Data PositionClass dengan ID = 1', NULL, NULL, NULL, 'App\\Models\\User', 1, '[]', NULL, '2022-06-09 13:59:17', '2022-06-09 13:59:17'),
	(527, 'default', 'Ubah Data Jabatan dengan ID = 2', NULL, NULL, NULL, 'App\\Models\\User', 1, '[]', NULL, '2022-06-09 13:59:34', '2022-06-09 13:59:34'),
	(528, 'default', 'Ubah Data Jabatan dengan ID = 1', NULL, NULL, NULL, 'App\\Models\\User', 1, '[]', NULL, '2022-06-09 13:59:47', '2022-06-09 13:59:47'),
	(529, 'default', 'Tambah Data Jabatan', NULL, NULL, NULL, 'App\\Models\\User', 1, '[]', NULL, '2022-06-09 14:03:19', '2022-06-09 14:03:19'),
	(530, 'default', 'Tambah Data Jabatan', NULL, NULL, NULL, 'App\\Models\\User', 1, '[]', NULL, '2022-06-09 14:03:30', '2022-06-09 14:03:30'),
	(531, 'default', 'Tambah Data Jabatan', NULL, NULL, NULL, 'App\\Models\\User', 1, '[]', NULL, '2022-06-09 14:03:41', '2022-06-09 14:03:41'),
	(532, 'default', 'Tambah Data Jabatan', NULL, NULL, NULL, 'App\\Models\\User', 1, '[]', NULL, '2022-06-09 14:03:57', '2022-06-09 14:03:57'),
	(533, 'default', 'Tambah Data Jabatan', NULL, NULL, NULL, 'App\\Models\\User', 1, '[]', NULL, '2022-06-09 14:04:07', '2022-06-09 14:04:07'),
	(534, 'default', 'Login', NULL, NULL, NULL, 'App\\Models\\User', 1, '[]', NULL, '2022-08-13 20:02:23', '2022-08-13 20:02:23'),
	(535, 'default', 'Login', NULL, NULL, NULL, 'App\\Models\\User', 1, '[]', NULL, '2022-08-13 20:10:45', '2022-08-13 20:10:45'),
	(536, 'default', 'Log Out', NULL, NULL, NULL, 'App\\Models\\User', 1, '[]', NULL, '2022-08-13 20:12:48', '2022-08-13 20:12:48'),
	(537, 'default', 'Login', NULL, NULL, NULL, 'App\\Models\\User', 1, '[]', NULL, '2022-08-15 16:22:28', '2022-08-15 16:22:28'),
	(538, 'default', 'Ubah Data Pegawai dengan ID = 93', NULL, NULL, NULL, 'App\\Models\\User', 1, '[]', NULL, '2022-08-15 16:29:19', '2022-08-15 16:29:19'),
	(539, 'default', 'Log Out', NULL, NULL, NULL, 'App\\Models\\User', 1, '[]', NULL, '2022-08-15 16:38:39', '2022-08-15 16:38:39'),
	(540, 'default', 'Login', NULL, NULL, NULL, 'App\\Models\\User', 1, '[]', NULL, '2022-08-15 16:52:10', '2022-08-15 16:52:10'),
	(541, 'default', 'Log Out', NULL, NULL, NULL, 'App\\Models\\User', 1, '[]', NULL, '2022-08-15 16:52:16', '2022-08-15 16:52:16'),
	(542, 'default', 'Login', NULL, NULL, NULL, 'App\\Models\\User', 1, '[]', NULL, '2022-08-15 17:07:44', '2022-08-15 17:07:44'),
	(543, 'default', 'Login', NULL, NULL, NULL, 'App\\Models\\User', 1, '[]', NULL, '2022-08-15 17:15:17', '2022-08-15 17:15:17'),
	(544, 'default', 'Login', NULL, NULL, NULL, 'App\\Models\\User', 1, '[]', NULL, '2022-08-15 17:40:20', '2022-08-15 17:40:20'),
	(545, 'default', 'Login', NULL, NULL, NULL, 'App\\Models\\User', 1, '[]', NULL, '2022-08-15 17:42:59', '2022-08-15 17:42:59'),
	(546, 'default', 'Login', NULL, NULL, NULL, 'App\\Models\\User', 1, '[]', NULL, '2022-08-15 20:58:04', '2022-08-15 20:58:04'),
	(547, 'default', 'Hapus Data Menu dengan ID = 15', NULL, NULL, NULL, 'App\\Models\\User', 1, '[]', NULL, '2022-08-15 21:00:14', '2022-08-15 21:00:14'),
	(548, 'default', 'Hapus Data Menu dengan ID = 17', NULL, NULL, NULL, 'App\\Models\\User', 1, '[]', NULL, '2022-08-15 21:00:21', '2022-08-15 21:00:21'),
	(549, 'default', 'Hapus Data Menu dengan ID = 14', NULL, NULL, NULL, 'App\\Models\\User', 1, '[]', NULL, '2022-08-15 21:00:37', '2022-08-15 21:00:37'),
	(550, 'default', 'Hapus Data Menu dengan ID = 18', NULL, NULL, NULL, 'App\\Models\\User', 1, '[]', NULL, '2022-08-15 21:00:42', '2022-08-15 21:00:42'),
	(551, 'default', 'Hapus Data Menu dengan ID = 19', NULL, NULL, NULL, 'App\\Models\\User', 1, '[]', NULL, '2022-08-15 21:00:47', '2022-08-15 21:00:47'),
	(552, 'default', 'Ubah Data Menu dengan ID = 7', NULL, NULL, NULL, 'App\\Models\\User', 1, '[]', NULL, '2022-08-15 21:08:50', '2022-08-15 21:08:50'),
	(553, 'default', 'Ubah Data Menu dengan ID = 7', NULL, NULL, NULL, 'App\\Models\\User', 1, '[]', NULL, '2022-08-15 21:08:56', '2022-08-15 21:08:56'),
	(554, 'default', 'Login', NULL, NULL, NULL, 'App\\Models\\User', 1, '[]', NULL, '2022-08-16 04:54:00', '2022-08-16 04:54:00'),
	(555, 'default', 'Ubah Data Menu dengan ID = 7', NULL, NULL, NULL, 'App\\Models\\User', 1, '[]', NULL, '2022-08-16 04:54:18', '2022-08-16 04:54:18'),
	(556, 'default', 'Tambah Data Sub Menu', NULL, NULL, NULL, 'App\\Models\\User', 1, '[]', NULL, '2022-08-16 05:04:39', '2022-08-16 05:04:39'),
	(557, 'default', 'Ubah Data Sub Menu dengan ID = 13', NULL, NULL, NULL, 'App\\Models\\User', 1, '[]', NULL, '2022-08-16 05:04:48', '2022-08-16 05:04:48'),
	(558, 'default', 'Hapus Data Sub Menu dengan ID = 13', NULL, NULL, NULL, 'App\\Models\\User', 1, '[]', NULL, '2022-08-16 05:04:52', '2022-08-16 05:04:52'),
	(559, 'default', 'Hapus Data Menu dengan ID = 7', NULL, NULL, NULL, 'App\\Models\\User', 1, '[]', NULL, '2022-08-16 05:05:18', '2022-08-16 05:05:18'),
	(560, 'default', 'Ubah Data Group dengan ID = 1', NULL, NULL, NULL, 'App\\Models\\User', 1, '[]', NULL, '2022-08-16 05:06:51', '2022-08-16 05:06:51'),
	(561, 'default', 'Tambah Data Group', NULL, NULL, NULL, 'App\\Models\\User', 1, '[]', NULL, '2022-08-16 05:07:13', '2022-08-16 05:07:13'),
	(562, 'default', 'Hapus Data Group dengan ID = 2', NULL, NULL, NULL, 'App\\Models\\User', 1, '[]', NULL, '2022-08-16 05:07:16', '2022-08-16 05:07:16'),
	(563, 'default', 'Hapus Data Menu Akses dengan ID = 23', NULL, NULL, NULL, 'App\\Models\\User', 1, '[]', NULL, '2022-08-16 05:15:02', '2022-08-16 05:15:02'),
	(564, 'default', 'Tambah Data Menu Akses', NULL, NULL, NULL, 'App\\Models\\User', 1, '[]', NULL, '2022-08-16 05:15:34', '2022-08-16 05:15:34'),
	(565, 'default', 'Ubah Data Menu Akses dengan ID = 24', NULL, NULL, NULL, 'App\\Models\\User', 1, '[]', NULL, '2022-08-16 05:15:42', '2022-08-16 05:15:42'),
	(566, 'default', 'Hapus Data Menu Akses dengan ID = 24', NULL, NULL, NULL, 'App\\Models\\User', 1, '[]', NULL, '2022-08-16 05:15:46', '2022-08-16 05:15:46'),
	(567, 'default', 'Hapus Data Sub Menu Akses dengan ID = 28', NULL, NULL, NULL, 'App\\Models\\User', 1, '[]', NULL, '2022-08-16 05:20:22', '2022-08-16 05:20:22'),
	(568, 'default', 'Tambah Data Sub Menu Akses', NULL, NULL, NULL, 'App\\Models\\User', 1, '[]', NULL, '2022-08-16 05:20:37', '2022-08-16 05:20:37'),
	(569, 'default', 'Ubah Data Sub Menu Akses dengan ID = 51', NULL, NULL, NULL, 'App\\Models\\User', 1, '[]', NULL, '2022-08-16 05:20:58', '2022-08-16 05:20:58'),
	(570, 'default', 'Ubah Data User dengan ID = 1', NULL, NULL, NULL, 'App\\Models\\User', 1, '[]', NULL, '2022-08-16 05:24:30', '2022-08-16 05:24:30'),
	(571, 'default', 'Tambah Data User', NULL, NULL, NULL, 'App\\Models\\User', 1, '[]', NULL, '2022-08-16 05:24:50', '2022-08-16 05:24:50'),
	(572, 'default', 'Tambah Data Menu Akses', NULL, NULL, NULL, 'App\\Models\\User', 1, '[]', NULL, '2022-08-16 05:26:28', '2022-08-16 05:26:28'),
	(573, 'default', 'Login', NULL, NULL, NULL, 'App\\Models\\User', 1, '[]', NULL, '2022-08-16 05:29:35', '2022-08-16 05:29:35'),
	(574, 'default', 'Login', NULL, NULL, NULL, 'App\\Models\\User', 0, '[]', NULL, '2022-08-16 06:29:24', '2022-08-16 06:29:24'),
	(575, 'default', 'Login', NULL, NULL, NULL, 'App\\Models\\User', 0, '[]', NULL, '2022-08-16 06:29:28', '2022-08-16 06:29:28'),
	(576, 'default', 'Login', NULL, NULL, NULL, 'App\\Models\\User', 0, '[]', NULL, '2022-08-16 06:29:54', '2022-08-16 06:29:54'),
	(577, 'default', 'Login', NULL, NULL, NULL, 'App\\Models\\User', 0, '[]', NULL, '2022-08-16 06:30:33', '2022-08-16 06:30:33'),
	(578, 'default', 'Tambah Data User', NULL, NULL, NULL, 'App\\Models\\User', 0, '[]', NULL, '2022-08-16 06:32:57', '2022-08-16 06:32:57'),
	(579, 'default', 'Log Out', NULL, NULL, NULL, 'App\\Models\\User', 0, '[]', NULL, '2022-08-16 06:33:10', '2022-08-16 06:33:10'),
	(580, 'default', 'Login', NULL, NULL, NULL, 'App\\Models\\User', 9, '[]', NULL, '2022-08-16 06:33:18', '2022-08-16 06:33:18'),
	(581, 'default', 'Login', NULL, NULL, NULL, 'App\\Models\\User', 9, '[]', NULL, '2022-08-16 06:34:04', '2022-08-16 06:34:04'),
	(582, 'default', 'Hapus Data User dengan ID = 9d986514-8e45-4d03-91ee-ebea15be7ebe', NULL, NULL, NULL, 'App\\Models\\User', 9, '[]', NULL, '2022-08-16 06:34:15', '2022-08-16 06:34:15'),
	(583, 'default', 'Login', NULL, NULL, NULL, 'App\\Models\\User', 0, '[]', NULL, '2022-08-16 06:35:49', '2022-08-16 06:35:49'),
	(584, 'default', 'Login', NULL, NULL, NULL, 'App\\Models\\User', 0, '[]', NULL, '2022-08-16 06:40:14', '2022-08-16 06:40:14'),
	(585, 'default', 'Tambah Data Menu', NULL, NULL, NULL, 'App\\Models\\User', 0, '[]', NULL, '2022-08-16 07:39:30', '2022-08-16 07:39:30'),
	(586, 'default', 'Ubah Data Menu dengan ID = 17', NULL, NULL, NULL, 'App\\Models\\User', 0, '[]', NULL, '2022-08-16 07:39:42', '2022-08-16 07:39:42'),
	(587, 'default', 'Hapus Data Menu Akses dengan ID = 8', NULL, NULL, NULL, 'App\\Models\\User', 0, '[]', NULL, '2022-08-16 07:40:05', '2022-08-16 07:40:05'),
	(588, 'default', 'Hapus Data Menu Akses dengan ID = 25', NULL, NULL, NULL, 'App\\Models\\User', 0, '[]', NULL, '2022-08-16 07:40:07', '2022-08-16 07:40:07'),
	(589, 'default', 'Hapus Data Menu Akses dengan ID = 15', NULL, NULL, NULL, 'App\\Models\\User', 0, '[]', NULL, '2022-08-16 07:40:11', '2022-08-16 07:40:11'),
	(590, 'default', 'Tambah Data Menu Akses', NULL, NULL, NULL, 'App\\Models\\User', 0, '[]', NULL, '2022-08-16 07:40:27', '2022-08-16 07:40:27'),
	(591, 'default', 'Tambah Data Subdistrict', NULL, NULL, NULL, 'App\\Models\\User', 0, '[]', NULL, '2022-08-16 07:46:27', '2022-08-16 07:46:27'),
	(592, 'default', 'Tambah Data Subdistrict', NULL, NULL, NULL, 'App\\Models\\User', 0, '[]', NULL, '2022-08-16 07:48:48', '2022-08-16 07:48:48'),
	(593, 'default', 'Ubah Data Subdistrict dengan ID = 2', NULL, NULL, NULL, 'App\\Models\\User', 0, '[]', NULL, '2022-08-16 07:48:56', '2022-08-16 07:48:56'),
	(594, 'default', 'Tambah Data Menu Akses', NULL, NULL, NULL, 'App\\Models\\User', 0, '[]', NULL, '2022-08-16 08:17:22', '2022-08-16 08:17:22'),
	(595, 'default', 'Login', NULL, NULL, NULL, 'App\\Models\\User', 0, '[]', NULL, '2022-08-16 08:27:54', '2022-08-16 08:27:54'),
	(596, 'default', 'Login', NULL, NULL, NULL, 'App\\Models\\User', 0, '[]', NULL, '2022-08-16 08:33:56', '2022-08-16 08:33:56'),
	(597, 'default', 'Ubah Data Menu Akses dengan ID = 2', NULL, NULL, NULL, 'App\\Models\\User', 0, '[]', NULL, '2022-08-16 08:35:15', '2022-08-16 08:35:15'),
	(598, 'default', 'Hapus Data Menu Akses dengan ID = 2', NULL, NULL, NULL, 'App\\Models\\User', 0, '[]', NULL, '2022-08-16 08:36:59', '2022-08-16 08:36:59'),
	(599, 'default', 'Tambah Data Menu', NULL, NULL, NULL, 'App\\Models\\User', 0, '[]', NULL, '2022-08-16 08:42:56', '2022-08-16 08:42:56'),
	(600, 'default', 'Tambah Data Menu Akses', NULL, NULL, NULL, 'App\\Models\\User', 0, '[]', NULL, '2022-08-16 08:43:36', '2022-08-16 08:43:36'),
	(601, 'default', 'Tambah Data Category', NULL, NULL, NULL, 'App\\Models\\User', 0, '[]', NULL, '2022-08-16 08:57:04', '2022-08-16 08:57:04'),
	(602, 'default', 'Hapus Data Category dengan ID = 1', NULL, NULL, NULL, 'App\\Models\\User', 0, '[]', NULL, '2022-08-16 08:57:33', '2022-08-16 08:57:33'),
	(603, 'default', 'Tambah Data Category', NULL, NULL, NULL, 'App\\Models\\User', 0, '[]', NULL, '2022-08-16 08:58:14', '2022-08-16 08:58:14'),
	(604, 'default', 'Hapus Data Category dengan ID = 2', NULL, NULL, NULL, 'App\\Models\\User', 0, '[]', NULL, '2022-08-16 08:59:10', '2022-08-16 08:59:10'),
	(605, 'default', 'Tambah Data Category', NULL, NULL, NULL, 'App\\Models\\User', 0, '[]', NULL, '2022-08-16 08:59:48', '2022-08-16 08:59:48'),
	(606, 'default', 'Ubah Data Kategory dengan ID = 3', NULL, NULL, NULL, 'App\\Models\\User', 0, '[]', NULL, '2022-08-16 09:05:02', '2022-08-16 09:05:02'),
	(607, 'default', 'Tambah Data Category', NULL, NULL, NULL, 'App\\Models\\User', 0, '[]', NULL, '2022-08-16 09:06:24', '2022-08-16 09:06:24'),
	(608, 'default', 'Ubah Data Kategory dengan ID = 4', NULL, NULL, NULL, 'App\\Models\\User', 0, '[]', NULL, '2022-08-16 09:06:31', '2022-08-16 09:06:31'),
	(609, 'default', 'Ubah Data Kategory dengan ID = 4', NULL, NULL, NULL, 'App\\Models\\User', 0, '[]', NULL, '2022-08-16 09:06:47', '2022-08-16 09:06:47'),
	(610, 'default', 'Ubah Data Kategory dengan ID = 4', NULL, NULL, NULL, 'App\\Models\\User', 0, '[]', NULL, '2022-08-16 09:07:04', '2022-08-16 09:07:04'),
	(611, 'default', 'Tambah Data Category', NULL, NULL, NULL, 'App\\Models\\User', 0, '[]', NULL, '2022-08-16 09:08:01', '2022-08-16 09:08:01'),
	(612, 'default', 'Hapus Data Category dengan ID = 5', NULL, NULL, NULL, 'App\\Models\\User', 0, '[]', NULL, '2022-08-16 09:08:07', '2022-08-16 09:08:07'),
	(613, 'default', 'Tambah Data Menu', NULL, NULL, NULL, 'App\\Models\\User', 0, '[]', NULL, '2022-08-16 09:17:49', '2022-08-16 09:17:49'),
	(614, 'default', 'Tambah Data Menu Akses', NULL, NULL, NULL, 'App\\Models\\User', 0, '[]', NULL, '2022-08-16 09:18:22', '2022-08-16 09:18:22'),
	(615, 'default', 'Tambah Data Announcement', NULL, NULL, NULL, 'App\\Models\\User', 0, '[]', NULL, '2022-08-16 09:29:48', '2022-08-16 09:29:48'),
	(616, 'default', 'Tambah Data Announcement', NULL, NULL, NULL, 'App\\Models\\User', 0, '[]', NULL, '2022-08-16 09:30:26', '2022-08-16 09:30:26'),
	(617, 'default', 'Tambah Data Announcement', NULL, NULL, NULL, 'App\\Models\\User', 0, '[]', NULL, '2022-08-16 09:30:58', '2022-08-16 09:30:58'),
	(618, 'default', 'Ubah Data Kategory dengan ID = 3', NULL, NULL, NULL, 'App\\Models\\User', 0, '[]', NULL, '2022-08-16 09:34:22', '2022-08-16 09:34:22'),
	(619, 'default', 'Login', NULL, NULL, NULL, 'App\\Models\\User', 0, '[]', NULL, '2022-08-16 10:27:24', '2022-08-16 10:27:24'),
	(620, 'default', 'Ubah Data Menu dengan ID = 17', NULL, NULL, NULL, 'App\\Models\\User', 0, '[]', NULL, '2022-08-16 11:34:58', '2022-08-16 11:34:58'),
	(621, 'default', 'Ubah Data Menu dengan ID = 17', NULL, NULL, NULL, 'App\\Models\\User', 0, '[]', NULL, '2022-08-16 11:36:26', '2022-08-16 11:36:26'),
	(622, 'default', 'Tambah Data Sub Menu', NULL, NULL, NULL, 'App\\Models\\User', 0, '[]', NULL, '2022-08-16 11:38:23', '2022-08-16 11:38:23'),
	(623, 'default', 'Tambah Data Sub Menu', NULL, NULL, NULL, 'App\\Models\\User', 0, '[]', NULL, '2022-08-16 11:38:42', '2022-08-16 11:38:42'),
	(624, 'default', 'Tambah Data Sub Menu Akses', NULL, NULL, NULL, 'App\\Models\\User', 0, '[]', NULL, '2022-08-16 11:40:01', '2022-08-16 11:40:01'),
	(625, 'default', 'Tambah Data Sub Menu Akses', NULL, NULL, NULL, 'App\\Models\\User', 0, '[]', NULL, '2022-08-16 11:40:19', '2022-08-16 11:40:19'),
	(626, 'default', 'Hapus Data Menu dengan ID = 18', NULL, NULL, NULL, 'App\\Models\\User', 0, '[]', NULL, '2022-08-16 11:40:48', '2022-08-16 11:40:48'),
	(627, 'default', 'Ubah Data Menu dengan ID = 6', NULL, NULL, NULL, 'App\\Models\\User', 0, '[]', NULL, '2022-08-16 11:42:23', '2022-08-16 11:42:23'),
	(628, 'default', 'Tambah Data Menu', NULL, NULL, NULL, 'App\\Models\\User', 0, '[]', NULL, '2022-08-16 11:43:07', '2022-08-16 11:43:07'),
	(629, 'default', 'Tambah Data Menu Akses', NULL, NULL, NULL, 'App\\Models\\User', 0, '[]', NULL, '2022-08-16 11:43:38', '2022-08-16 11:43:38'),
	(630, 'default', 'Login', NULL, NULL, NULL, 'App\\Models\\User', 0, '[]', NULL, '2022-08-18 19:28:26', '2022-08-18 19:28:26'),
	(631, 'default', 'Tambah Data Unit', NULL, NULL, NULL, 'App\\Models\\User', 0, '[]', NULL, '2022-08-18 20:14:46', '2022-08-18 20:14:46'),
	(632, 'default', 'Tambah Data Unit', NULL, NULL, NULL, 'App\\Models\\User', 0, '[]', NULL, '2022-08-18 20:26:30', '2022-08-18 20:26:30'),
	(633, 'default', 'Hapus Data Unit dengan ID = 1', NULL, NULL, NULL, 'App\\Models\\User', 0, '[]', NULL, '2022-08-18 20:26:35', '2022-08-18 20:26:35'),
	(634, 'default', 'Tambah Data Unit', NULL, NULL, NULL, 'App\\Models\\User', 0, '[]', NULL, '2022-08-18 20:27:11', '2022-08-18 20:27:11'),
	(635, 'default', 'Hapus Data Unit dengan ID = 2', NULL, NULL, NULL, 'App\\Models\\User', 0, '[]', NULL, '2022-08-18 20:27:17', '2022-08-18 20:27:17'),
	(636, 'default', 'Ubah Data Kategory dengan ID = 3', NULL, NULL, NULL, 'App\\Models\\User', 0, '[]', NULL, '2022-08-18 20:29:57', '2022-08-18 20:29:57'),
	(637, 'default', 'Ubah Data Kategory dengan ID = 3', NULL, NULL, NULL, 'App\\Models\\User', 0, '[]', NULL, '2022-08-18 20:30:07', '2022-08-18 20:30:07'),
	(638, 'default', 'Ubah Data Kategory dengan ID = 3', NULL, NULL, NULL, 'App\\Models\\User', 0, '[]', NULL, '2022-08-18 20:30:36', '2022-08-18 20:30:36'),
	(639, 'default', 'Ubah Data Kategory dengan ID = 3', NULL, NULL, NULL, 'App\\Models\\User', 0, '[]', NULL, '2022-08-18 20:30:43', '2022-08-18 20:30:43'),
	(640, 'default', 'Ubah Data Kategory dengan ID = 3', NULL, NULL, NULL, 'App\\Models\\User', 0, '[]', NULL, '2022-08-18 20:30:51', '2022-08-18 20:30:51'),
	(641, 'default', 'Login', NULL, NULL, NULL, 'App\\Models\\User', 0, '[]', NULL, '2022-08-19 07:43:21', '2022-08-19 07:43:21'),
	(642, 'default', 'Ubah Data Menu dengan ID = 16', NULL, NULL, NULL, 'App\\Models\\User', 0, '[]', NULL, '2022-08-19 07:43:39', '2022-08-19 07:43:39'),
	(643, 'default', 'Tambah Data Menu', NULL, NULL, NULL, 'App\\Models\\User', 0, '[]', NULL, '2022-08-19 07:44:05', '2022-08-19 07:44:05'),
	(644, 'default', 'Tambah Data Menu Akses', NULL, NULL, NULL, 'App\\Models\\User', 0, '[]', NULL, '2022-08-19 07:44:28', '2022-08-19 07:44:28'),
	(645, 'default', 'Tambah Data Group', NULL, NULL, NULL, 'App\\Models\\User', 0, '[]', NULL, '2022-08-19 08:28:16', '2022-08-19 08:28:16'),
	(646, 'default', 'Tambah Data Group', NULL, NULL, NULL, 'App\\Models\\User', 0, '[]', NULL, '2022-08-19 08:28:28', '2022-08-19 08:28:28'),
	(647, 'default', 'Tambah Data Group', NULL, NULL, NULL, 'App\\Models\\User', 0, '[]', NULL, '2022-08-19 08:28:42', '2022-08-19 08:28:42'),
	(648, 'default', 'Tambah Data Group', NULL, NULL, NULL, 'App\\Models\\User', 0, '[]', NULL, '2022-08-19 08:28:51', '2022-08-19 08:28:51'),
	(649, 'default', 'Tambah Data Group', NULL, NULL, NULL, 'App\\Models\\User', 0, '[]', NULL, '2022-08-19 08:29:08', '2022-08-19 08:29:08'),
	(650, 'default', 'Tambah Data Officer', NULL, NULL, NULL, 'App\\Models\\User', 0, '[]', NULL, '2022-08-19 08:32:05', '2022-08-19 08:32:05'),
	(651, 'default', 'Ubah Data Officer dengan ID = 1', NULL, NULL, NULL, 'App\\Models\\User', 0, '[]', NULL, '2022-08-19 09:05:25', '2022-08-19 09:05:25'),
	(652, 'default', 'Tambah Data Officer', NULL, NULL, NULL, 'App\\Models\\User', 0, '[]', NULL, '2022-08-19 09:06:34', '2022-08-19 09:06:34'),
	(653, 'default', 'Ubah Data Officer dengan ID = 2', NULL, NULL, NULL, 'App\\Models\\User', 0, '[]', NULL, '2022-08-19 09:07:08', '2022-08-19 09:07:08'),
	(654, 'default', 'Ubah Data Officer dengan ID = 2', NULL, NULL, NULL, 'App\\Models\\User', 0, '[]', NULL, '2022-08-19 09:07:57', '2022-08-19 09:07:57'),
	(655, 'default', 'Ubah Data Officer dengan ID = 2', NULL, NULL, NULL, 'App\\Models\\User', 0, '[]', NULL, '2022-08-19 09:08:45', '2022-08-19 09:08:45'),
	(656, 'default', 'Ubah Data Officer dengan ID = 2', NULL, NULL, NULL, 'App\\Models\\User', 0, '[]', NULL, '2022-08-19 09:09:59', '2022-08-19 09:09:59'),
	(657, 'default', 'Ubah Data Officer dengan ID = 2', NULL, NULL, NULL, 'App\\Models\\User', 0, '[]', NULL, '2022-08-19 09:10:48', '2022-08-19 09:10:48'),
	(658, 'default', 'Hapus Data Officer dengan ID = 2', NULL, NULL, NULL, 'App\\Models\\User', 0, '[]', NULL, '2022-08-19 09:11:15', '2022-08-19 09:11:15'),
	(659, 'default', 'Hapus Data Officer dengan ID = 1', NULL, NULL, NULL, 'App\\Models\\User', 0, '[]', NULL, '2022-08-19 09:14:37', '2022-08-19 09:14:37'),
	(660, 'default', 'Ubah Data Menu dengan ID = 19', NULL, NULL, NULL, 'App\\Models\\User', 0, '[]', NULL, '2022-08-19 09:24:46', '2022-08-19 09:24:46'),
	(661, 'default', 'Ubah Data Menu dengan ID = 16', NULL, NULL, NULL, 'App\\Models\\User', 0, '[]', NULL, '2022-08-19 09:24:57', '2022-08-19 09:24:57'),
	(662, 'default', 'Tambah Data Menu', NULL, NULL, NULL, 'App\\Models\\User', 0, '[]', NULL, '2022-08-19 09:25:20', '2022-08-19 09:25:20'),
	(663, 'default', 'Tambah Data Menu Akses', NULL, NULL, NULL, 'App\\Models\\User', 0, '[]', NULL, '2022-08-19 09:25:45', '2022-08-19 09:25:45'),
	(664, 'default', 'Tambah Data Officer', NULL, NULL, NULL, 'App\\Models\\User', 0, '[]', NULL, '2022-08-19 09:40:32', '2022-08-19 09:40:32'),
	(665, 'default', 'Login', NULL, NULL, NULL, 'App\\Models\\User', 0, '[]', NULL, '2022-08-22 14:49:25', '2022-08-22 14:49:25'),
	(666, 'default', 'Tambah Data Ambulance', NULL, NULL, NULL, 'App\\Models\\User', 0, '[]', NULL, '2022-08-22 16:34:48', '2022-08-22 16:34:48'),
	(667, 'default', 'Tambah Data User', NULL, NULL, NULL, 'App\\Models\\User', 0, '[]', NULL, '2022-08-22 16:42:52', '2022-08-22 16:42:52'),
	(668, 'default', 'Tambah Data User', NULL, NULL, NULL, 'App\\Models\\User', 0, '[]', NULL, '2022-08-22 16:44:31', '2022-08-22 16:44:31'),
	(669, 'default', 'Hapus Data User dengan ID = 5977d66f-3f2d-404c-96d1-c469bea56598', NULL, NULL, NULL, 'App\\Models\\User', 0, '[]', NULL, '2022-08-22 16:46:10', '2022-08-22 16:46:10'),
	(670, 'default', 'Tambah Data User', NULL, NULL, NULL, 'App\\Models\\User', 0, '[]', NULL, '2022-08-22 16:46:27', '2022-08-22 16:46:27'),
	(671, 'default', 'Login', NULL, NULL, NULL, 'App\\Models\\User', 0, '[]', NULL, '2022-08-22 20:21:01', '2022-08-22 20:21:01'),
	(672, 'default', 'Login', NULL, NULL, NULL, 'App\\Models\\User', 0, '[]', NULL, '2022-08-23 05:40:45', '2022-08-23 05:40:45'),
	(673, 'default', 'Ubah Data Pengaturan', NULL, NULL, NULL, 'App\\Models\\User', 0, '[]', NULL, '2022-08-23 05:55:27', '2022-08-23 05:55:27'),
	(674, 'default', 'Ubah Data Pengaturan', NULL, NULL, NULL, 'App\\Models\\User', 0, '[]', NULL, '2022-08-23 05:55:56', '2022-08-23 05:55:56'),
	(675, 'default', 'Log Out', NULL, NULL, NULL, 'App\\Models\\User', 0, '[]', NULL, '2022-08-23 05:56:03', '2022-08-23 05:56:03'),
	(676, 'default', 'Login', NULL, NULL, NULL, 'App\\Models\\User', 0, '[]', NULL, '2022-08-23 05:57:57', '2022-08-23 05:57:57'),
	(677, 'default', 'Ubah Data Pengaturan', NULL, NULL, NULL, 'App\\Models\\User', 0, '[]', NULL, '2022-08-23 05:58:08', '2022-08-23 05:58:08'),
	(678, 'default', 'Ubah Data Pengaturan', NULL, NULL, NULL, 'App\\Models\\User', 0, '[]', NULL, '2022-08-23 06:01:54', '2022-08-23 06:01:54'),
	(679, 'default', 'Log Out', NULL, NULL, NULL, 'App\\Models\\User', 0, '[]', NULL, '2022-08-23 06:01:58', '2022-08-23 06:01:58'),
	(680, 'default', 'Login', NULL, NULL, NULL, 'App\\Models\\User', 0, '[]', NULL, '2022-08-23 06:02:11', '2022-08-23 06:02:11'),
	(681, 'default', 'Ubah Data Pengaturan', NULL, NULL, NULL, 'App\\Models\\User', 0, '[]', NULL, '2022-08-23 06:02:32', '2022-08-23 06:02:32'),
	(682, 'default', 'Ubah Data Pengaturan', NULL, NULL, NULL, 'App\\Models\\User', 0, '[]', NULL, '2022-08-23 06:03:33', '2022-08-23 06:03:33'),
	(683, 'default', 'Ubah Data Pengaturan', NULL, NULL, NULL, 'App\\Models\\User', 0, '[]', NULL, '2022-08-23 06:03:40', '2022-08-23 06:03:40'),
	(684, 'default', 'Log Out', NULL, NULL, NULL, 'App\\Models\\User', 0, '[]', NULL, '2022-08-23 06:17:50', '2022-08-23 06:17:50'),
	(685, 'default', 'Login', NULL, NULL, NULL, 'App\\Models\\User', 0, '[]', NULL, '2022-08-23 06:21:55', '2022-08-23 06:21:55'),
	(686, 'default', 'Ubah Data Pengaturan', NULL, NULL, NULL, 'App\\Models\\User', 0, '[]', NULL, '2022-08-23 06:22:35', '2022-08-23 06:22:35'),
	(687, 'default', 'Log Out', NULL, NULL, NULL, 'App\\Models\\User', 0, '[]', NULL, '2022-08-23 06:22:40', '2022-08-23 06:22:40'),
	(688, 'default', 'Login', NULL, NULL, NULL, 'App\\Models\\User', 0, '[]', NULL, '2022-08-23 07:04:19', '2022-08-23 07:04:19'),
	(689, 'default', 'Login', NULL, NULL, NULL, 'App\\Models\\User', 0, '[]', NULL, '2022-08-23 07:07:03', '2022-08-23 07:07:03'),
	(690, 'default', 'Login', NULL, NULL, NULL, 'App\\Models\\User', 0, '[]', NULL, '2022-08-23 07:13:37', '2022-08-23 07:13:37'),
	(691, 'default', 'Log Out', NULL, NULL, NULL, 'App\\Models\\User', 0, '[]', NULL, '2022-08-23 07:24:58', '2022-08-23 07:24:58'),
	(692, 'default', 'Login', NULL, NULL, NULL, 'App\\Models\\User', 0, '[]', NULL, '2022-08-23 07:25:09', '2022-08-23 07:25:09'),
	(693, 'default', 'Ubah Data Pengaturan', NULL, NULL, NULL, 'App\\Models\\User', 0, '[]', NULL, '2022-08-23 07:25:24', '2022-08-23 07:25:24'),
	(694, 'default', 'Log Out', NULL, NULL, NULL, 'App\\Models\\User', 0, '[]', NULL, '2022-08-23 07:25:27', '2022-08-23 07:25:27'),
	(695, 'default', 'Login', NULL, NULL, NULL, 'App\\Models\\User', 0, '[]', NULL, '2022-08-23 14:20:32', '2022-08-23 14:20:32'),
	(696, 'default', 'Ubah Data Menu dengan ID = 17', NULL, NULL, NULL, 'App\\Models\\User', 0, '[]', NULL, '2022-08-23 14:22:24', '2022-08-23 14:22:24'),
	(697, 'default', 'Tambah Data Menu', NULL, NULL, NULL, 'App\\Models\\User', 0, '[]', NULL, '2022-08-23 14:24:49', '2022-08-23 14:24:49'),
	(698, 'default', 'Ubah Data Menu dengan ID = 21', NULL, NULL, NULL, 'App\\Models\\User', 0, '[]', NULL, '2022-08-23 14:31:35', '2022-08-23 14:31:35'),
	(699, 'default', 'Ubah Data Menu dengan ID = 20', NULL, NULL, NULL, 'App\\Models\\User', 0, '[]', NULL, '2022-08-23 14:31:41', '2022-08-23 14:31:41'),
	(700, 'default', 'Tambah Data Menu', NULL, NULL, NULL, 'App\\Models\\User', 0, '[]', NULL, '2022-08-23 14:32:18', '2022-08-23 14:32:18'),
	(701, 'default', 'Ubah Data Menu dengan ID = 21', NULL, NULL, NULL, 'App\\Models\\User', 0, '[]', NULL, '2022-08-23 14:33:07', '2022-08-23 14:33:07'),
	(702, 'default', 'Ubah Data Menu dengan ID = 21', NULL, NULL, NULL, 'App\\Models\\User', 0, '[]', NULL, '2022-08-23 14:33:31', '2022-08-23 14:33:31'),
	(703, 'default', 'Ubah Data Menu dengan ID = 20', NULL, NULL, NULL, 'App\\Models\\User', 0, '[]', NULL, '2022-08-23 14:33:38', '2022-08-23 14:33:38'),
	(704, 'default', 'Ubah Data Menu dengan ID = 13', NULL, NULL, NULL, 'App\\Models\\User', 0, '[]', NULL, '2022-08-23 14:34:11', '2022-08-23 14:34:11'),
	(705, 'default', 'Ubah Data Menu dengan ID = 21', NULL, NULL, NULL, 'App\\Models\\User', 0, '[]', NULL, '2022-08-23 14:34:30', '2022-08-23 14:34:30'),
	(706, 'default', 'Ubah Data Menu dengan ID = 22', NULL, NULL, NULL, 'App\\Models\\User', 0, '[]', NULL, '2022-08-23 14:34:47', '2022-08-23 14:34:47'),
	(707, 'default', 'Ubah Data Menu dengan ID = 20', NULL, NULL, NULL, 'App\\Models\\User', 0, '[]', NULL, '2022-08-23 14:35:01', '2022-08-23 14:35:01'),
	(708, 'default', 'Ubah Data Menu dengan ID = 16', NULL, NULL, NULL, 'App\\Models\\User', 0, '[]', NULL, '2022-08-23 14:35:23', '2022-08-23 14:35:23'),
	(709, 'default', 'Log Out', NULL, NULL, NULL, 'App\\Models\\User', 0, '[]', NULL, '2022-08-23 14:50:16', '2022-08-23 14:50:16'),
	(710, 'default', 'Login', NULL, NULL, NULL, 'App\\Models\\User', 0, '[]', NULL, '2022-08-24 09:52:53', '2022-08-24 09:52:53'),
	(711, 'default', 'Tambah Data Tindakan', NULL, NULL, NULL, 'App\\Models\\User', 0, '[]', NULL, '2022-08-24 11:34:38', '2022-08-24 11:34:38'),
	(712, 'default', 'Tambah Data Tindakan', NULL, NULL, NULL, 'App\\Models\\User', 0, '[]', NULL, '2022-08-24 11:35:03', '2022-08-24 11:35:03'),
	(713, 'default', 'Hapus Data Tindakan dengan ID = 2', NULL, NULL, NULL, 'App\\Models\\User', 0, '[]', NULL, '2022-08-24 11:35:15', '2022-08-24 11:35:15'),
	(714, 'default', 'Hapus Data Tindakan dengan ID = 1', NULL, NULL, NULL, 'App\\Models\\User', 0, '[]', NULL, '2022-08-24 11:35:21', '2022-08-24 11:35:21'),
	(715, 'default', 'Tambah Data Tindakan', NULL, NULL, NULL, 'App\\Models\\User', 0, '[]', NULL, '2022-08-24 11:35:35', '2022-08-24 11:35:35'),
	(716, 'default', 'Login', NULL, NULL, NULL, 'App\\Models\\User', 0, '[]', NULL, '2022-08-24 11:39:11', '2022-08-24 11:39:11'),
	(717, 'default', 'Ubah Data Tindakan dengan ID = 3', NULL, NULL, NULL, 'App\\Models\\User', 0, '[]', NULL, '2022-08-24 11:41:07', '2022-08-24 11:41:07'),
	(718, 'default', 'Ubah Data Tindakan dengan ID = 3', NULL, NULL, NULL, 'App\\Models\\User', 0, '[]', NULL, '2022-08-24 11:41:17', '2022-08-24 11:41:17'),
	(719, 'default', 'Login', NULL, NULL, NULL, 'App\\Models\\User', 0, '[]', NULL, '2022-08-24 13:33:17', '2022-08-24 13:33:17'),
	(720, 'default', 'Tambah Data Menu Akses', NULL, NULL, NULL, 'App\\Models\\User', 0, '[]', NULL, '2022-08-24 13:33:45', '2022-08-24 13:33:45'),
	(721, 'default', 'Ubah Data Menu dengan ID = 23', NULL, NULL, NULL, 'App\\Models\\User', 0, '[]', NULL, '2022-08-24 13:34:06', '2022-08-24 13:34:06'),
	(722, 'default', 'Tambah Data Menu Akses', NULL, NULL, NULL, 'App\\Models\\User', 0, '[]', NULL, '2022-08-24 13:35:02', '2022-08-24 13:35:02'),
	(723, 'default', 'Tambah Data Menu', NULL, NULL, NULL, 'App\\Models\\User', 0, '[]', NULL, '2022-08-24 13:36:42', '2022-08-24 13:36:42'),
	(724, 'default', 'Tambah Data Menu', NULL, NULL, NULL, 'App\\Models\\User', 0, '[]', NULL, '2022-08-24 13:37:09', '2022-08-24 13:37:09'),
	(725, 'default', 'Tambah Data Menu Akses', NULL, NULL, NULL, 'App\\Models\\User', 0, '[]', NULL, '2022-08-24 13:37:26', '2022-08-24 13:37:26'),
	(726, 'default', 'Tambah Data Menu Akses', NULL, NULL, NULL, 'App\\Models\\User', 0, '[]', NULL, '2022-08-24 13:37:49', '2022-08-24 13:37:49'),
	(727, 'default', 'Ubah Data Menu dengan ID = 22', NULL, NULL, NULL, 'App\\Models\\User', 0, '[]', NULL, '2022-08-24 13:38:28', '2022-08-24 13:38:28'),
	(728, 'default', 'Ubah Data Menu dengan ID = 20', NULL, NULL, NULL, 'App\\Models\\User', 0, '[]', NULL, '2022-08-24 13:38:49', '2022-08-24 13:38:49'),
	(729, 'default', 'Ubah Data Menu dengan ID = 24', NULL, NULL, NULL, 'App\\Models\\User', 0, '[]', NULL, '2022-08-24 13:39:02', '2022-08-24 13:39:02'),
	(730, 'default', 'Ubah Data Menu dengan ID = 24', NULL, NULL, NULL, 'App\\Models\\User', 0, '[]', NULL, '2022-08-24 13:39:10', '2022-08-24 13:39:10'),
	(731, 'default', 'Ubah Data Menu dengan ID = 24', NULL, NULL, NULL, 'App\\Models\\User', 0, '[]', NULL, '2022-08-24 13:39:18', '2022-08-24 13:39:18'),
	(732, 'default', 'Ubah Data Menu dengan ID = 21', NULL, NULL, NULL, 'App\\Models\\User', 0, '[]', NULL, '2022-08-24 13:39:29', '2022-08-24 13:39:29'),
	(733, 'default', 'Ubah Data Menu dengan ID = 26', NULL, NULL, NULL, 'App\\Models\\User', 0, '[]', NULL, '2022-08-24 13:39:50', '2022-08-24 13:39:50'),
	(734, 'default', 'Ubah Data Menu dengan ID = 26', NULL, NULL, NULL, 'App\\Models\\User', 0, '[]', NULL, '2022-08-24 13:40:53', '2022-08-24 13:40:53'),
	(735, 'default', 'Ubah Data Menu dengan ID = 26', NULL, NULL, NULL, 'App\\Models\\User', 0, '[]', NULL, '2022-08-24 13:41:12', '2022-08-24 13:41:12'),
	(736, 'default', 'Ubah Data Menu dengan ID = 20', NULL, NULL, NULL, 'App\\Models\\User', 0, '[]', NULL, '2022-08-24 13:41:57', '2022-08-24 13:41:57'),
	(737, 'default', 'Ubah Data Menu dengan ID = 23', NULL, NULL, NULL, 'App\\Models\\User', 0, '[]', NULL, '2022-08-24 13:43:16', '2022-08-24 13:43:16'),
	(738, 'default', 'Login', NULL, NULL, NULL, 'App\\Models\\User', 0, '[]', NULL, '2022-08-24 16:33:51', '2022-08-24 16:33:51'),
	(739, 'default', 'Tambah Data Layanan', NULL, NULL, NULL, 'App\\Models\\User', 0, '[]', NULL, '2022-08-24 16:48:28', '2022-08-24 16:48:28'),
	(740, 'default', 'Ubah Data Layanan dengan ID = 1', NULL, NULL, NULL, 'App\\Models\\User', 0, '[]', NULL, '2022-08-24 16:54:16', '2022-08-24 16:54:16'),
	(741, 'default', 'Tambah Data Layanan', NULL, NULL, NULL, 'App\\Models\\User', 0, '[]', NULL, '2022-08-24 16:54:26', '2022-08-24 16:54:26'),
	(742, 'default', 'Hapus Data Layanan dengan ID = 2', NULL, NULL, NULL, 'App\\Models\\User', 0, '[]', NULL, '2022-08-24 16:54:33', '2022-08-24 16:54:33'),
	(743, 'default', 'Log Out', NULL, NULL, NULL, 'App\\Models\\User', 0, '[]', NULL, '2022-08-24 17:02:11', '2022-08-24 17:02:11'),
	(744, 'default', 'Login', NULL, NULL, NULL, 'App\\Models\\User', 0, '[]', NULL, '2022-08-31 17:17:48', '2022-08-31 17:17:48'),
	(745, 'default', 'Ubah Data Menu dengan ID = 23', NULL, NULL, NULL, 'App\\Models\\User', 0, '[]', NULL, '2022-08-31 17:46:57', '2022-08-31 17:46:57'),
	(746, 'default', 'Tambah Data Category', NULL, NULL, NULL, 'App\\Models\\User', 0, '[]', NULL, '2022-08-31 18:17:49', '2022-08-31 18:17:49'),
	(747, 'default', 'Login', NULL, NULL, NULL, 'App\\Models\\User', 0, '[]', NULL, '2022-09-01 10:33:59', '2022-09-01 10:33:59'),
	(748, 'default', 'Tambah Data Aduan', NULL, NULL, NULL, 'App\\Models\\User', 0, '[]', NULL, '2022-09-01 11:19:56', '2022-09-01 11:19:56'),
	(749, 'default', 'Tambah Data Aduan', NULL, NULL, NULL, 'App\\Models\\User', 0, '[]', NULL, '2022-09-01 11:40:33', '2022-09-01 11:40:33'),
	(750, 'default', 'Tambah Data Aduan', NULL, NULL, NULL, 'App\\Models\\User', 0, '[]', NULL, '2022-09-01 11:47:46', '2022-09-01 11:47:46'),
	(751, 'default', 'Tambah Data Aduan', NULL, NULL, NULL, 'App\\Models\\User', 0, '[]', NULL, '2022-09-01 11:49:13', '2022-09-01 11:49:13'),
	(752, 'default', 'Tambah Data Aduan', NULL, NULL, NULL, 'App\\Models\\User', 0, '[]', NULL, '2022-09-01 11:50:51', '2022-09-01 11:50:51'),
	(753, 'default', 'Login', NULL, NULL, NULL, 'App\\Models\\User', 0, '[]', NULL, '2022-09-01 14:56:05', '2022-09-01 14:56:05'),
	(754, 'default', 'Ubah Data Aduan dengan ID = 7036', NULL, NULL, NULL, 'App\\Models\\User', 0, '[]', NULL, '2022-09-01 15:04:07', '2022-09-01 15:04:07'),
	(755, 'default', 'Ubah Data Aduan dengan ID = 7036', NULL, NULL, NULL, 'App\\Models\\User', 0, '[]', NULL, '2022-09-01 15:04:23', '2022-09-01 15:04:23'),
	(756, 'default', 'Login', NULL, NULL, NULL, 'App\\Models\\User', 0, '[]', NULL, '2022-09-02 09:36:00', '2022-09-02 09:36:00'),
	(757, 'default', 'Login', NULL, NULL, NULL, 'App\\Models\\User', 0, '[]', NULL, '2022-09-02 14:49:50', '2022-09-02 14:49:50'),
	(758, 'default', 'Ubah Data Menu dengan ID = 23', NULL, NULL, NULL, 'App\\Models\\User', 0, '[]', NULL, '2022-09-02 15:23:19', '2022-09-02 15:23:19'),
	(759, 'default', 'Tambah Data Sub Menu', NULL, NULL, NULL, 'App\\Models\\User', 0, '[]', NULL, '2022-09-02 15:24:20', '2022-09-02 15:24:20'),
	(760, 'default', 'Tambah Data Sub Menu', NULL, NULL, NULL, 'App\\Models\\User', 0, '[]', NULL, '2022-09-02 15:25:09', '2022-09-02 15:25:09'),
	(761, 'default', 'Tambah Data Sub Menu', NULL, NULL, NULL, 'App\\Models\\User', 0, '[]', NULL, '2022-09-02 15:26:11', '2022-09-02 15:26:11'),
	(762, 'default', 'Ubah Data Sub Menu dengan ID = 17', NULL, NULL, NULL, 'App\\Models\\User', 0, '[]', NULL, '2022-09-02 15:26:27', '2022-09-02 15:26:27'),
	(763, 'default', 'Tambah Data Sub Menu Akses', NULL, NULL, NULL, 'App\\Models\\User', 0, '[]', NULL, '2022-09-02 15:27:01', '2022-09-02 15:27:01'),
	(764, 'default', 'Tambah Data Sub Menu Akses', NULL, NULL, NULL, 'App\\Models\\User', 0, '[]', NULL, '2022-09-02 15:27:34', '2022-09-02 15:27:34'),
	(765, 'default', 'Hapus Data Sub Menu Akses dengan ID = 54', NULL, NULL, NULL, 'App\\Models\\User', 0, '[]', NULL, '2022-09-02 15:27:39', '2022-09-02 15:27:39'),
	(766, 'default', 'Tambah Data Sub Menu Akses', NULL, NULL, NULL, 'App\\Models\\User', 0, '[]', NULL, '2022-09-02 15:27:51', '2022-09-02 15:27:51'),
	(767, 'default', 'Tambah Data Sub Menu Akses', NULL, NULL, NULL, 'App\\Models\\User', 0, '[]', NULL, '2022-09-02 15:28:12', '2022-09-02 15:28:12'),
	(768, 'default', 'Ubah Data Sub Menu dengan ID = 15', NULL, NULL, NULL, 'App\\Models\\User', 0, '[]', NULL, '2022-09-02 15:29:55', '2022-09-02 15:29:55'),
	(769, 'default', 'Ubah Data Sub Menu dengan ID = 16', NULL, NULL, NULL, 'App\\Models\\User', 0, '[]', NULL, '2022-09-02 15:56:10', '2022-09-02 15:56:10'),
	(770, 'default', 'Ubah Data Sub Menu dengan ID = 17', NULL, NULL, NULL, 'App\\Models\\User', 0, '[]', NULL, '2022-09-02 15:56:22', '2022-09-02 15:56:22'),
	(771, 'default', 'Tambah Data Sub Menu', NULL, NULL, NULL, 'App\\Models\\User', 0, '[]', NULL, '2022-09-02 15:56:42', '2022-09-02 15:56:42'),
	(772, 'default', 'Ubah Data Sub Menu dengan ID = 15', NULL, NULL, NULL, 'App\\Models\\User', 0, '[]', NULL, '2022-09-02 15:56:56', '2022-09-02 15:56:56'),
	(773, 'default', 'Ubah Data Sub Menu dengan ID = 15', NULL, NULL, NULL, 'App\\Models\\User', 0, '[]', NULL, '2022-09-02 15:57:05', '2022-09-02 15:57:05'),
	(774, 'default', 'Tambah Data Sub Menu', NULL, NULL, NULL, 'App\\Models\\User', 0, '[]', NULL, '2022-09-02 15:57:23', '2022-09-02 15:57:23'),
	(775, 'default', 'Ubah Data Sub Menu dengan ID = 16', NULL, NULL, NULL, 'App\\Models\\User', 0, '[]', NULL, '2022-09-02 16:10:09', '2022-09-02 16:10:09'),
	(776, 'default', 'Ubah Data Sub Menu dengan ID = 15', NULL, NULL, NULL, 'App\\Models\\User', 0, '[]', NULL, '2022-09-02 16:10:21', '2022-09-02 16:10:21'),
	(777, 'default', 'Tambah Data Sub Menu Akses', NULL, NULL, NULL, 'App\\Models\\User', 0, '[]', NULL, '2022-09-02 16:11:05', '2022-09-02 16:11:05'),
	(778, 'default', 'Tambah Data Sub Menu Akses', NULL, NULL, NULL, 'App\\Models\\User', 0, '[]', NULL, '2022-09-02 16:11:28', '2022-09-02 16:11:28'),
	(779, 'default', 'Ubah Data Sub Menu dengan ID = 15', NULL, NULL, NULL, 'App\\Models\\User', 0, '[]', NULL, '2022-09-02 16:19:21', '2022-09-02 16:19:21'),
	(780, 'default', 'Ubah Data Sub Menu dengan ID = 16', NULL, NULL, NULL, 'App\\Models\\User', 0, '[]', NULL, '2022-09-02 16:29:44', '2022-09-02 16:29:44'),
	(781, 'default', 'Ubah Data Sub Menu dengan ID = 17', NULL, NULL, NULL, 'App\\Models\\User', 0, '[]', NULL, '2022-09-02 16:30:03', '2022-09-02 16:30:03'),
	(782, 'default', 'Ubah Data Sub Menu dengan ID = 18', NULL, NULL, NULL, 'App\\Models\\User', 0, '[]', NULL, '2022-09-02 16:30:20', '2022-09-02 16:30:20'),
	(783, 'default', 'Ubah Data Sub Menu dengan ID = 19', NULL, NULL, NULL, 'App\\Models\\User', 0, '[]', NULL, '2022-09-02 16:30:33', '2022-09-02 16:30:33'),
	(784, 'default', 'Login', NULL, NULL, NULL, 'App\\Models\\User', 0, '[]', NULL, '2022-09-02 16:56:02', '2022-09-02 16:56:02'),
	(785, 'default', 'Login', NULL, NULL, NULL, 'App\\Models\\User', 0, '[]', NULL, '2022-09-05 10:54:32', '2022-09-05 10:54:32'),
	(786, 'default', 'Login', NULL, NULL, NULL, 'App\\Models\\User', 0, '[]', NULL, '2022-09-05 12:47:15', '2022-09-05 12:47:15'),
	(787, 'default', 'Tambah Data Aduan', NULL, NULL, NULL, 'App\\Models\\User', 0, '[]', NULL, '2022-09-05 12:55:05', '2022-09-05 12:55:05'),
	(788, 'default', 'Login', NULL, NULL, NULL, 'App\\Models\\User', 0, '[]', NULL, '2022-09-05 12:55:14', '2022-09-05 12:55:14'),
	(789, 'default', 'Hapus Data Complaint dengan ID = c5c50489-9c8d-4c81-80c2-ee83bbfa1a04', NULL, NULL, NULL, 'App\\Models\\User', 0, '[]', NULL, '2022-09-05 16:06:18', '2022-09-05 16:06:18'),
	(790, 'default', 'Hapus Data Complaint dengan ID = 6eb018a4-5d3c-4717-8e14-d9adfa94d014', NULL, NULL, NULL, 'App\\Models\\User', 0, '[]', NULL, '2022-09-05 16:07:04', '2022-09-05 16:07:04'),
	(791, 'default', 'Hapus Data Complaint dengan ID = 3128ed8d-99c5-45ac-8a6d-3e9798758751', NULL, NULL, NULL, 'App\\Models\\User', 0, '[]', NULL, '2022-09-05 16:07:09', '2022-09-05 16:07:09'),
	(792, 'default', 'Hapus Data Complaint dengan ID = 453c4cf8-21b3-459b-aa67-ff7ebeb5729d', NULL, NULL, NULL, 'App\\Models\\User', 0, '[]', NULL, '2022-09-05 16:07:15', '2022-09-05 16:07:15'),
	(793, 'default', 'Hapus Data Complaint dengan ID = 5957ec26-423c-41e9-86e1-be32e2721909', NULL, NULL, NULL, 'App\\Models\\User', 0, '[]', NULL, '2022-09-05 16:54:16', '2022-09-05 16:54:16'),
	(794, 'default', 'Hapus Data Complaint dengan ID = 2dd00cd5-aba9-4b04-bd4e-9e8a6e4c8855', NULL, NULL, NULL, 'App\\Models\\User', 0, '[]', NULL, '2022-09-05 16:54:20', '2022-09-05 16:54:20'),
	(795, 'default', 'Hapus Data Complaint dengan ID = 078a6508-0eae-4931-98bf-c6461a5961c3', NULL, NULL, NULL, 'App\\Models\\User', 0, '[]', NULL, '2022-09-05 17:17:41', '2022-09-05 17:17:41'),
	(796, 'default', 'Login', NULL, NULL, NULL, 'App\\Models\\User', 0, '[]', NULL, '2022-09-06 11:00:13', '2022-09-06 11:00:13'),
	(797, 'default', 'Login', NULL, NULL, NULL, 'App\\Models\\User', 0, '[]', NULL, '2022-09-07 14:03:47', '2022-09-07 14:03:47'),
	(798, 'default', 'Login', NULL, NULL, NULL, 'App\\Models\\User', 0, '[]', NULL, '2022-09-07 14:22:20', '2022-09-07 14:22:20'),
	(799, 'default', 'Login', NULL, NULL, NULL, 'App\\Models\\User', 0, '[]', NULL, '2022-09-07 14:23:54', '2022-09-07 14:23:54'),
	(800, 'default', 'Login', NULL, NULL, NULL, 'App\\Models\\User', 0, '[]', NULL, '2022-09-07 15:52:45', '2022-09-07 15:52:45'),
	(801, 'default', 'Login', NULL, NULL, NULL, 'App\\Models\\User', 0, '[]', NULL, '2022-09-07 17:17:55', '2022-09-07 17:17:55'),
	(802, 'default', 'Ubah Data Subdistrict dengan ID = 2', NULL, NULL, NULL, 'App\\Models\\User', 0, '[]', NULL, '2022-09-07 18:09:24', '2022-09-07 18:09:24'),
	(803, 'default', 'Tambah Data Subdistrict', NULL, NULL, NULL, 'App\\Models\\User', 0, '[]', NULL, '2022-09-07 18:09:32', '2022-09-07 18:09:32'),
	(804, 'default', 'Tambah Data Subdistrict', NULL, NULL, NULL, 'App\\Models\\User', 0, '[]', NULL, '2022-09-07 18:09:50', '2022-09-07 18:09:50'),
	(805, 'default', 'Ubah Data Menu Akses dengan ID = 1', NULL, NULL, NULL, 'App\\Models\\User', 0, '[]', NULL, '2022-09-07 18:10:26', '2022-09-07 18:10:26'),
	(806, 'default', 'Tambah Data Menu Akses', NULL, NULL, NULL, 'App\\Models\\User', 0, '[]', NULL, '2022-09-07 18:10:32', '2022-09-07 18:10:32'),
	(807, 'default', 'Login', NULL, NULL, NULL, 'App\\Models\\User', 0, '[]', NULL, '2022-09-07 20:31:49', '2022-09-07 20:31:49'),
	(808, 'default', 'Tambah Data Menu Akses', NULL, NULL, NULL, 'App\\Models\\User', 0, '[]', NULL, '2022-09-07 21:03:58', '2022-09-07 21:03:58'),
	(809, 'default', 'Hapus Data Menu Akses dengan ID = 3', NULL, NULL, NULL, 'App\\Models\\User', 0, '[]', NULL, '2022-09-07 21:04:08', '2022-09-07 21:04:08'),
	(810, 'default', 'Login', NULL, NULL, NULL, 'App\\Models\\User', 0, '[]', NULL, '2022-09-08 09:49:59', '2022-09-08 09:49:59'),
	(811, 'default', 'Tambah Data Tindakan', NULL, NULL, NULL, 'App\\Models\\User', 0, '[]', NULL, '2022-09-08 10:04:27', '2022-09-08 10:04:27'),
	(812, 'default', 'Ubah Data Officer dengan ID = 3', NULL, NULL, NULL, 'App\\Models\\User', 0, '[]', NULL, '2022-09-08 10:48:16', '2022-09-08 10:48:16'),
	(813, 'default', 'Tambah Data Officer', NULL, NULL, NULL, 'App\\Models\\User', 0, '[]', NULL, '2022-09-08 10:49:24', '2022-09-08 10:49:24'),
	(814, 'default', 'Login', NULL, NULL, NULL, 'App\\Models\\User', 0, '[]', NULL, '2022-09-08 20:43:58', '2022-09-08 20:43:58'),
	(815, 'default', 'Tambah Data Kelurahan', NULL, NULL, NULL, 'App\\Models\\User', 0, '[]', NULL, '2022-09-08 20:45:10', '2022-09-08 20:45:10'),
	(816, 'default', 'Login', NULL, NULL, NULL, 'App\\Models\\User', 0, '[]', NULL, '2022-09-09 08:59:41', '2022-09-09 08:59:41'),
	(817, 'default', 'Login', NULL, NULL, NULL, 'App\\Models\\User', 0, '[]', NULL, '2022-09-09 09:31:00', '2022-09-09 09:31:00'),
	(818, 'default', 'Login', NULL, NULL, NULL, 'App\\Models\\User', 0, '[]', NULL, '2022-09-09 10:22:01', '2022-09-09 10:22:01'),
	(819, 'default', 'Proses Data Aduan dengan ID = 922ccd9c-5271-415b-a16f-acd9f9e75e2e', NULL, NULL, NULL, 'App\\Models\\User', 0, '[]', NULL, '2022-09-09 10:27:58', '2022-09-09 10:27:58'),
	(820, 'default', 'Login', NULL, NULL, NULL, 'App\\Models\\User', 0, '[]', NULL, '2022-09-09 11:07:25', '2022-09-09 11:07:25'),
	(821, 'default', 'Ubah Data Officer dengan ID = 4', NULL, NULL, NULL, 'App\\Models\\User', 0, '[]', NULL, '2022-09-09 11:17:06', '2022-09-09 11:17:06'),
	(822, 'default', 'Hapus Data Ambulance dengan ID = 1', NULL, NULL, NULL, 'App\\Models\\User', 0, '[]', NULL, '2022-09-09 11:43:10', '2022-09-09 11:43:10'),
	(823, 'default', 'Tambah Data Ambulance', NULL, NULL, NULL, 'App\\Models\\User', 0, '[]', NULL, '2022-09-09 11:43:24', '2022-09-09 11:43:24'),
	(824, 'default', 'Tambah Data Ambulance', NULL, NULL, NULL, 'App\\Models\\User', 0, '[]', NULL, '2022-09-09 11:43:38', '2022-09-09 11:43:38'),
	(825, 'default', 'Tambah Data Unit', NULL, NULL, NULL, 'App\\Models\\User', 0, '[]', NULL, '2022-09-09 13:24:33', '2022-09-09 13:24:33'),
	(826, 'default', 'Ubah Data Kategory dengan ID = 4', NULL, NULL, NULL, 'App\\Models\\User', 0, '[]', NULL, '2022-09-09 13:25:59', '2022-09-09 13:25:59'),
	(827, 'default', 'Ubah Data Kategory dengan ID = 3', NULL, NULL, NULL, 'App\\Models\\User', 0, '[]', NULL, '2022-09-09 13:26:35', '2022-09-09 13:26:35'),
	(828, 'default', 'Tambah Data Layanan', NULL, NULL, NULL, 'App\\Models\\User', 0, '[]', NULL, '2022-09-09 13:34:45', '2022-09-09 13:34:45'),
	(829, 'default', 'Ubah Data Layanan dengan ID = 2', NULL, NULL, NULL, 'App\\Models\\User', 0, '[]', NULL, '2022-09-09 13:35:05', '2022-09-09 13:35:05'),
	(830, 'default', 'Login', NULL, NULL, NULL, 'App\\Models\\User', 0, '[]', NULL, '2022-09-09 13:36:41', '2022-09-09 13:36:41'),
	(831, 'default', 'Login', NULL, NULL, NULL, 'App\\Models\\User', 0, '[]', NULL, '2022-09-10 16:02:32', '2022-09-10 16:02:32'),
	(832, 'default', 'Login', NULL, NULL, NULL, 'App\\Models\\User', 0, '[]', NULL, '2022-09-10 20:39:14', '2022-09-10 20:39:14'),
	(833, 'default', 'Login', NULL, NULL, NULL, 'App\\Models\\User', 0, '[]', NULL, '2022-09-11 06:59:45', '2022-09-11 06:59:45'),
	(834, 'default', 'Login', NULL, NULL, NULL, 'App\\Models\\User', 0, '[]', NULL, '2022-09-12 07:36:37', '2022-09-12 07:36:37'),
	(835, 'default', 'Ubah Data Menu dengan ID = 24', NULL, NULL, NULL, 'App\\Models\\User', 0, '[]', NULL, '2022-09-12 07:36:58', '2022-09-12 07:36:58'),
	(836, 'default', 'Login', NULL, NULL, NULL, 'App\\Models\\User', 0, '[]', NULL, '2022-09-12 07:59:33', '2022-09-12 07:59:33'),
	(837, 'default', 'Login', NULL, NULL, NULL, 'App\\Models\\User', 0, '[]', NULL, '2022-09-12 08:15:06', '2022-09-12 08:15:06'),
	(838, 'default', 'Log Out', NULL, NULL, NULL, 'App\\Models\\User', 0, '[]', NULL, '2022-09-12 08:16:44', '2022-09-12 08:16:44'),
	(839, 'default', 'Login', NULL, NULL, NULL, 'App\\Models\\User', 0, '[]', NULL, '2022-09-12 08:19:06', '2022-09-12 08:19:06'),
	(840, 'default', 'Login', NULL, NULL, NULL, 'App\\Models\\User', 0, '[]', NULL, '2022-09-12 08:20:17', '2022-09-12 08:20:17'),
	(841, 'default', 'Login', NULL, NULL, NULL, 'App\\Models\\User', 0, '[]', NULL, '2022-09-12 08:21:16', '2022-09-12 08:21:16'),
	(842, 'default', 'Tambah Data Kelurahan', NULL, NULL, NULL, 'App\\Models\\User', 0, '[]', NULL, '2022-09-12 08:23:58', '2022-09-12 08:23:58'),
	(843, 'default', 'Tambah Data Kelurahan', NULL, NULL, NULL, 'App\\Models\\User', 0, '[]', NULL, '2022-09-12 08:24:16', '2022-09-12 08:24:16'),
	(844, 'default', 'Tambah Data Kelurahan', NULL, NULL, NULL, 'App\\Models\\User', 0, '[]', NULL, '2022-09-12 08:24:43', '2022-09-12 08:24:43'),
	(845, 'default', 'Ubah Data Subdistrict dengan ID = 3', NULL, NULL, NULL, 'App\\Models\\User', 0, '[]', NULL, '2022-09-12 08:27:50', '2022-09-12 08:27:50'),
	(846, 'default', 'Tambah Data Kelurahan', NULL, NULL, NULL, 'App\\Models\\User', 0, '[]', NULL, '2022-09-12 08:28:10', '2022-09-12 08:28:10'),
	(847, 'default', 'Tambah Data Kelurahan', NULL, NULL, NULL, 'App\\Models\\User', 0, '[]', NULL, '2022-09-12 08:28:23', '2022-09-12 08:28:23'),
	(848, 'default', 'Tambah Data Kelurahan', NULL, NULL, NULL, 'App\\Models\\User', 0, '[]', NULL, '2022-09-12 08:28:33', '2022-09-12 08:28:33'),
	(849, 'default', 'Tambah Data Kelurahan', NULL, NULL, NULL, 'App\\Models\\User', 0, '[]', NULL, '2022-09-12 08:28:53', '2022-09-12 08:28:53'),
	(850, 'default', 'Tambah Data Kelurahan', NULL, NULL, NULL, 'App\\Models\\User', 0, '[]', NULL, '2022-09-12 08:29:10', '2022-09-12 08:29:10'),
	(851, 'default', 'Tambah Data Kelurahan', NULL, NULL, NULL, 'App\\Models\\User', 0, '[]', NULL, '2022-09-12 08:30:06', '2022-09-12 08:30:06'),
	(852, 'default', 'Tambah Data Kelurahan', NULL, NULL, NULL, 'App\\Models\\User', 0, '[]', NULL, '2022-09-12 08:30:35', '2022-09-12 08:30:35'),
	(853, 'default', 'Tambah Data Kelurahan', NULL, NULL, NULL, 'App\\Models\\User', 0, '[]', NULL, '2022-09-12 08:30:53', '2022-09-12 08:30:53'),
	(854, 'default', 'Tambah Data Kelurahan', NULL, NULL, NULL, 'App\\Models\\User', 0, '[]', NULL, '2022-09-12 08:31:06', '2022-09-12 08:31:06'),
	(855, 'default', 'Tambah Data Subdistrict', NULL, NULL, NULL, 'App\\Models\\User', 0, '[]', NULL, '2022-09-12 08:32:13', '2022-09-12 08:32:13'),
	(856, 'default', 'Tambah Data Subdistrict', NULL, NULL, NULL, 'App\\Models\\User', 0, '[]', NULL, '2022-09-12 08:32:43', '2022-09-12 08:32:43'),
	(857, 'default', 'Tambah Data Subdistrict', NULL, NULL, NULL, 'App\\Models\\User', 0, '[]', NULL, '2022-09-12 08:33:15', '2022-09-12 08:33:15'),
	(858, 'default', 'Tambah Data Subdistrict', NULL, NULL, NULL, 'App\\Models\\User', 0, '[]', NULL, '2022-09-12 08:33:46', '2022-09-12 08:33:46'),
	(859, 'default', 'Tambah Data Subdistrict', NULL, NULL, NULL, 'App\\Models\\User', 0, '[]', NULL, '2022-09-12 08:34:11', '2022-09-12 08:34:11'),
	(860, 'default', 'Login', NULL, NULL, NULL, 'App\\Models\\User', 0, '[]', NULL, '2022-09-12 08:34:29', '2022-09-12 08:34:29'),
	(861, 'default', 'Tambah Data Kelurahan', NULL, NULL, NULL, 'App\\Models\\User', 0, '[]', NULL, '2022-09-12 08:35:00', '2022-09-12 08:35:00'),
	(862, 'default', 'Tambah Data Kelurahan', NULL, NULL, NULL, 'App\\Models\\User', 0, '[]', NULL, '2022-09-12 08:35:13', '2022-09-12 08:35:13'),
	(863, 'default', 'Tambah Data Kelurahan', NULL, NULL, NULL, 'App\\Models\\User', 0, '[]', NULL, '2022-09-12 08:35:23', '2022-09-12 08:35:23'),
	(864, 'default', 'Tambah Data Kelurahan', NULL, NULL, NULL, 'App\\Models\\User', 0, '[]', NULL, '2022-09-12 08:35:52', '2022-09-12 08:35:52'),
	(865, 'default', 'Tambah Data Kelurahan', NULL, NULL, NULL, 'App\\Models\\User', 0, '[]', NULL, '2022-09-12 08:36:04', '2022-09-12 08:36:04'),
	(866, 'default', 'Tambah Data Kelurahan', NULL, NULL, NULL, 'App\\Models\\User', 0, '[]', NULL, '2022-09-12 08:36:12', '2022-09-12 08:36:12'),
	(867, 'default', 'Tambah Data Kelurahan', NULL, NULL, NULL, 'App\\Models\\User', 0, '[]', NULL, '2022-09-12 08:36:42', '2022-09-12 08:36:42'),
	(868, 'default', 'Tambah Data Kelurahan', NULL, NULL, NULL, 'App\\Models\\User', 0, '[]', NULL, '2022-09-12 08:36:55', '2022-09-12 08:36:55'),
	(869, 'default', 'Tambah Data Kelurahan', NULL, NULL, NULL, 'App\\Models\\User', 0, '[]', NULL, '2022-09-12 08:37:10', '2022-09-12 08:37:10'),
	(870, 'default', 'Tambah Data Kelurahan', NULL, NULL, NULL, 'App\\Models\\User', 0, '[]', NULL, '2022-09-12 08:37:22', '2022-09-12 08:37:22'),
	(871, 'default', 'Tambah Data Kelurahan', NULL, NULL, NULL, 'App\\Models\\User', 0, '[]', NULL, '2022-09-12 08:37:50', '2022-09-12 08:37:50'),
	(872, 'default', 'Tambah Data Kelurahan', NULL, NULL, NULL, 'App\\Models\\User', 0, '[]', NULL, '2022-09-12 08:38:01', '2022-09-12 08:38:01'),
	(873, 'default', 'Tambah Data Kelurahan', NULL, NULL, NULL, 'App\\Models\\User', 0, '[]', NULL, '2022-09-12 08:38:22', '2022-09-12 08:38:22'),
	(874, 'default', 'Tambah Data Kelurahan', NULL, NULL, NULL, 'App\\Models\\User', 0, '[]', NULL, '2022-09-12 08:38:39', '2022-09-12 08:38:39'),
	(875, 'default', 'Tambah Data Kelurahan', NULL, NULL, NULL, 'App\\Models\\User', 0, '[]', NULL, '2022-09-12 08:38:56', '2022-09-12 08:38:56'),
	(876, 'default', 'Tambah Data Kelurahan', NULL, NULL, NULL, 'App\\Models\\User', 0, '[]', NULL, '2022-09-12 08:39:12', '2022-09-12 08:39:12'),
	(877, 'default', 'Tambah Data Kelurahan', NULL, NULL, NULL, 'App\\Models\\User', 0, '[]', NULL, '2022-09-12 08:39:23', '2022-09-12 08:39:23'),
	(878, 'default', 'Tambah Data Kelurahan', NULL, NULL, NULL, 'App\\Models\\User', 0, '[]', NULL, '2022-09-12 08:39:45', '2022-09-12 08:39:45'),
	(879, 'default', 'Tambah Data Kelurahan', NULL, NULL, NULL, 'App\\Models\\User', 0, '[]', NULL, '2022-09-12 08:39:57', '2022-09-12 08:39:57'),
	(880, 'default', 'Tambah Data Kelurahan', NULL, NULL, NULL, 'App\\Models\\User', 0, '[]', NULL, '2022-09-12 08:40:09', '2022-09-12 08:40:09'),
	(881, 'default', 'Tambah Data Kelurahan', NULL, NULL, NULL, 'App\\Models\\User', 0, '[]', NULL, '2022-09-12 08:40:19', '2022-09-12 08:40:19'),
	(882, 'default', 'Tambah Data Kelurahan', NULL, NULL, NULL, 'App\\Models\\User', 0, '[]', NULL, '2022-09-12 08:40:53', '2022-09-12 08:40:53'),
	(883, 'default', 'Tambah Data Kelurahan', NULL, NULL, NULL, 'App\\Models\\User', 0, '[]', NULL, '2022-09-12 08:41:03', '2022-09-12 08:41:03'),
	(884, 'default', 'Tambah Data Kelurahan', NULL, NULL, NULL, 'App\\Models\\User', 0, '[]', NULL, '2022-09-12 08:41:13', '2022-09-12 08:41:13'),
	(885, 'default', 'Ubah Data Kelurahan dengan ID = 40', NULL, NULL, NULL, 'App\\Models\\User', 0, '[]', NULL, '2022-09-12 08:42:03', '2022-09-12 08:42:03'),
	(886, 'default', 'Tambah Data Kelurahan', NULL, NULL, NULL, 'App\\Models\\User', 0, '[]', NULL, '2022-09-12 08:42:29', '2022-09-12 08:42:29'),
	(887, 'default', 'Tambah Data Kelurahan', NULL, NULL, NULL, 'App\\Models\\User', 0, '[]', NULL, '2022-09-12 08:42:51', '2022-09-12 08:42:51'),
	(888, 'default', 'Tambah Data Kelurahan', NULL, NULL, NULL, 'App\\Models\\User', 0, '[]', NULL, '2022-09-12 08:43:21', '2022-09-12 08:43:21'),
	(889, 'default', 'Tambah Data Kelurahan', NULL, NULL, NULL, 'App\\Models\\User', 0, '[]', NULL, '2022-09-12 08:43:29', '2022-09-12 08:43:29'),
	(890, 'default', 'Ubah Data Kategory dengan ID = 3', NULL, NULL, NULL, 'App\\Models\\User', 0, '[]', NULL, '2022-09-12 09:08:50', '2022-09-12 09:08:50'),
	(891, 'default', 'Login', NULL, NULL, NULL, 'App\\Models\\User', 0, '[]', NULL, '2022-09-12 10:51:13', '2022-09-12 10:51:13'),
	(892, 'default', 'Tambah Data Aduan', NULL, NULL, NULL, 'App\\Models\\User', 0, '[]', NULL, '2022-09-12 10:52:08', '2022-09-12 10:52:08'),
	(893, 'default', 'Hapus Data Complaint dengan ID = 91bf502f-14f9-4e3e-9e62-42fc396b0371', NULL, NULL, NULL, 'App\\Models\\User', 0, '[]', NULL, '2022-09-12 11:08:26', '2022-09-12 11:08:26'),
	(894, 'default', 'Tambah Data Aduan', NULL, NULL, NULL, 'App\\Models\\User', 0, '[]', NULL, '2022-09-12 11:09:26', '2022-09-12 11:09:26'),
	(895, 'default', 'Login', NULL, NULL, NULL, 'App\\Models\\User', 0, '[]', NULL, '2022-09-12 12:53:53', '2022-09-12 12:53:53'),
	(896, 'default', 'Login', NULL, NULL, NULL, 'App\\Models\\User', 0, '[]', NULL, '2022-09-13 07:56:02', '2022-09-13 07:56:02'),
	(897, 'default', 'Ubah Data Menu dengan ID = 23', NULL, NULL, NULL, 'App\\Models\\User', 0, '[]', NULL, '2022-09-13 07:56:27', '2022-09-13 07:56:27'),
	(898, 'default', 'Login', NULL, NULL, NULL, 'App\\Models\\User', 0, '[]', NULL, '2022-09-13 08:16:15', '2022-09-13 08:16:15'),
	(899, 'default', 'Login', NULL, NULL, NULL, 'App\\Models\\User', 0, '[]', NULL, '2022-09-13 08:16:21', '2022-09-13 08:16:21'),
	(900, 'default', 'Tambah Data Menu Akses', NULL, NULL, NULL, 'App\\Models\\User', 0, '[]', NULL, '2022-09-13 08:52:38', '2022-09-13 08:52:38'),
	(901, 'default', 'Tambah Data Menu Akses', NULL, NULL, NULL, 'App\\Models\\User', 0, '[]', NULL, '2022-09-13 08:53:01', '2022-09-13 08:53:01'),
	(902, 'default', 'Login', NULL, NULL, NULL, 'App\\Models\\User', 0, '[]', NULL, '2022-09-13 09:00:31', '2022-09-13 09:00:31'),
	(903, 'default', 'Login', NULL, NULL, NULL, 'App\\Models\\User', 0, '[]', NULL, '2022-09-13 09:15:41', '2022-09-13 09:15:41'),
	(904, 'default', 'Login', NULL, NULL, NULL, 'App\\Models\\User', 0, '[]', NULL, '2022-09-13 10:11:42', '2022-09-13 10:11:42'),
	(905, 'default', 'Tambah Data Unit', NULL, NULL, NULL, 'App\\Models\\User', 0, '[]', NULL, '2022-09-13 10:20:58', '2022-09-13 10:20:58'),
	(906, 'default', 'Login', NULL, NULL, NULL, 'App\\Models\\User', 0, '[]', NULL, '2022-09-13 10:25:50', '2022-09-13 10:25:50'),
	(907, 'default', 'Tambah Data Unit', NULL, NULL, NULL, 'App\\Models\\User', 0, '[]', NULL, '2022-09-13 10:27:02', '2022-09-13 10:27:02'),
	(908, 'default', 'Tambah Data Unit', NULL, NULL, NULL, 'App\\Models\\User', 0, '[]', NULL, '2022-09-13 10:30:08', '2022-09-13 10:30:08'),
	(909, 'default', 'Ubah Data Kategory dengan ID = 7', NULL, NULL, NULL, 'App\\Models\\User', 0, '[]', NULL, '2022-09-13 10:31:00', '2022-09-13 10:31:00'),
	(910, 'default', 'Tambah Data Unit', NULL, NULL, NULL, 'App\\Models\\User', 0, '[]', NULL, '2022-09-13 10:34:07', '2022-09-13 10:34:07'),
	(911, 'default', 'Tambah Data Unit', NULL, NULL, NULL, 'App\\Models\\User', 0, '[]', NULL, '2022-09-13 10:35:21', '2022-09-13 10:35:21'),
	(912, 'default', 'Tambah Data Unit', NULL, NULL, NULL, 'App\\Models\\User', 0, '[]', NULL, '2022-09-13 10:42:53', '2022-09-13 10:42:53'),
	(913, 'default', 'Tambah Data Unit', NULL, NULL, NULL, 'App\\Models\\User', 0, '[]', NULL, '2022-09-13 10:46:15', '2022-09-13 10:46:15'),
	(914, 'default', 'Login', NULL, NULL, NULL, 'App\\Models\\User', 0, '[]', NULL, '2022-09-13 10:46:33', '2022-09-13 10:46:33'),
	(915, 'default', 'Log Out', NULL, NULL, NULL, 'App\\Models\\User', 0, '[]', NULL, '2022-09-13 10:56:48', '2022-09-13 10:56:48'),
	(916, 'default', 'Log Out', NULL, NULL, NULL, 'App\\Models\\User', 0, '[]', NULL, '2022-09-13 10:57:05', '2022-09-13 10:57:05'),
	(917, 'default', 'Login', NULL, NULL, NULL, 'App\\Models\\User', 0, '[]', NULL, '2022-09-13 12:30:49', '2022-09-13 12:30:49'),
	(918, 'default', 'Login', NULL, NULL, NULL, 'App\\Models\\User', 0, '[]', NULL, '2022-09-13 12:31:22', '2022-09-13 12:31:22'),
	(919, 'default', 'Tambah Data Unit', NULL, NULL, NULL, 'App\\Models\\User', 0, '[]', NULL, '2022-09-13 12:41:45', '2022-09-13 12:41:45'),
	(920, 'default', 'Tambah Data Unit', NULL, NULL, NULL, 'App\\Models\\User', 0, '[]', NULL, '2022-09-13 12:44:48', '2022-09-13 12:44:48'),
	(921, 'default', 'Ubah Data Kategory dengan ID = 13', NULL, NULL, NULL, 'App\\Models\\User', 0, '[]', NULL, '2022-09-13 12:45:29', '2022-09-13 12:45:29'),
	(922, 'default', 'Tambah Data Unit', NULL, NULL, NULL, 'App\\Models\\User', 0, '[]', NULL, '2022-09-13 12:46:42', '2022-09-13 12:46:42'),
	(923, 'default', 'Ubah Data Kategory dengan ID = 14', NULL, NULL, NULL, 'App\\Models\\User', 0, '[]', NULL, '2022-09-13 12:52:31', '2022-09-13 12:52:31'),
	(924, 'default', 'Tambah Data Unit', NULL, NULL, NULL, 'App\\Models\\User', 0, '[]', NULL, '2022-09-13 12:54:16', '2022-09-13 12:54:16'),
	(925, 'default', 'Login', NULL, NULL, NULL, 'App\\Models\\User', 0, '[]', NULL, '2022-09-13 12:59:58', '2022-09-13 12:59:58'),
	(926, 'default', 'Ubah Data Kategory dengan ID = 15', NULL, NULL, NULL, 'App\\Models\\User', 0, '[]', NULL, '2022-09-13 13:02:03', '2022-09-13 13:02:03'),
	(927, 'default', 'Tambah Data Unit', NULL, NULL, NULL, 'App\\Models\\User', 0, '[]', NULL, '2022-09-13 13:04:41', '2022-09-13 13:04:41'),
	(928, 'default', 'Tambah Data Unit', NULL, NULL, NULL, 'App\\Models\\User', 0, '[]', NULL, '2022-09-13 13:06:03', '2022-09-13 13:06:03'),
	(929, 'default', 'Tambah Data Unit', NULL, NULL, NULL, 'App\\Models\\User', 0, '[]', NULL, '2022-09-13 13:17:11', '2022-09-13 13:17:11'),
	(930, 'default', 'Tambah Data Unit', NULL, NULL, NULL, 'App\\Models\\User', 0, '[]', NULL, '2022-09-13 13:18:36', '2022-09-13 13:18:36'),
	(931, 'default', 'Login', NULL, NULL, NULL, 'App\\Models\\User', 0, '[]', NULL, '2022-09-13 13:41:46', '2022-09-13 13:41:46'),
	(932, 'default', 'Login', NULL, NULL, NULL, 'App\\Models\\User', 0, '[]', NULL, '2022-09-13 14:04:06', '2022-09-13 14:04:06'),
	(933, 'default', 'Login', NULL, NULL, NULL, 'App\\Models\\User', 0, '[]', NULL, '2022-09-13 15:11:17', '2022-09-13 15:11:17'),
	(934, 'default', 'Login', NULL, NULL, NULL, 'App\\Models\\User', 0, '[]', NULL, '2022-09-13 15:31:30', '2022-09-13 15:31:30'),
	(935, 'default', 'Login', NULL, NULL, NULL, 'App\\Models\\User', 0, '[]', NULL, '2022-09-13 23:17:28', '2022-09-13 23:17:28'),
	(936, 'default', 'Login', NULL, NULL, NULL, 'App\\Models\\User', 0, '[]', NULL, '2022-09-14 00:41:51', '2022-09-14 00:41:51'),
	(937, 'default', 'Log Out', NULL, NULL, NULL, 'App\\Models\\User', 0, '[]', NULL, '2022-09-14 01:30:15', '2022-09-14 01:30:15'),
	(938, 'default', 'Login', NULL, NULL, NULL, 'App\\Models\\User', 0, '[]', NULL, '2022-09-14 10:51:28', '2022-09-14 10:51:28'),
	(939, 'default', 'Ubah Data Aduan dengan ID = 1e3353b2-a580-444e-8521-7569a08bb873', NULL, NULL, NULL, 'App\\Models\\User', 0, '[]', NULL, '2022-09-14 10:53:39', '2022-09-14 10:53:39'),
	(940, 'default', 'Ubah Data Aduan dengan ID = 1e3353b2-a580-444e-8521-7569a08bb873', NULL, NULL, NULL, 'App\\Models\\User', 0, '[]', NULL, '2022-09-14 10:55:07', '2022-09-14 10:55:07'),
	(941, 'default', 'Ubah Data Aduan dengan ID = ca8dd711-d9ee-4d20-9c81-55fe06f2e156', NULL, NULL, NULL, 'App\\Models\\User', 0, '[]', NULL, '2022-09-14 10:56:33', '2022-09-14 10:56:33'),
	(942, 'default', 'Login', NULL, NULL, NULL, 'App\\Models\\User', 0, '[]', NULL, '2022-09-14 14:00:24', '2022-09-14 14:00:24'),
	(943, 'default', 'Login', NULL, NULL, NULL, 'App\\Models\\User', 0, '[]', NULL, '2022-09-14 14:27:49', '2022-09-14 14:27:49'),
	(944, 'default', 'Tambah Data Aduan', NULL, NULL, NULL, 'App\\Models\\User', 0, '[]', NULL, '2022-09-14 14:36:47', '2022-09-14 14:36:47'),
	(945, 'default', 'Tambah Data Aduan', NULL, NULL, NULL, 'App\\Models\\User', 0, '[]', NULL, '2022-09-14 14:37:56', '2022-09-14 14:37:56'),
	(946, 'default', 'Ubah Data Sub Menu Akses dengan ID = 55', NULL, NULL, NULL, 'App\\Models\\User', 0, '[]', NULL, '2022-09-14 14:39:05', '2022-09-14 14:39:05'),
	(947, 'default', 'Ubah Data Sub Menu Akses dengan ID = 55', NULL, NULL, NULL, 'App\\Models\\User', 0, '[]', NULL, '2022-09-14 14:42:31', '2022-09-14 14:42:31'),
	(948, 'default', 'Ubah Data Officer dengan ID = 3', NULL, NULL, NULL, 'App\\Models\\User', 0, '[]', NULL, '2022-09-14 14:50:22', '2022-09-14 14:50:22'),
	(949, 'default', 'Ubah Data Sub Menu Akses dengan ID = 56', NULL, NULL, NULL, 'App\\Models\\User', 0, '[]', NULL, '2022-09-14 14:55:30', '2022-09-14 14:55:30'),
	(950, 'default', 'Ubah Data Sub Menu Akses dengan ID = 57', NULL, NULL, NULL, 'App\\Models\\User', 0, '[]', NULL, '2022-09-14 14:56:29', '2022-09-14 14:56:29'),
	(951, 'default', 'Tambah Data Aduan', NULL, NULL, NULL, 'App\\Models\\User', 0, '[]', NULL, '2022-09-14 14:58:31', '2022-09-14 14:58:31'),
	(952, 'default', 'Ubah Data Sub Menu dengan ID = 17', NULL, NULL, NULL, 'App\\Models\\User', 0, '[]', NULL, '2022-09-14 15:03:44', '2022-09-14 15:03:44'),
	(953, 'default', 'Login', NULL, NULL, NULL, 'App\\Models\\User', 0, '[]', NULL, '2022-09-14 15:47:31', '2022-09-14 15:47:31'),
	(954, 'default', 'Ubah Data Sub Menu Akses dengan ID = 58', NULL, NULL, NULL, 'App\\Models\\User', 0, '[]', NULL, '2022-09-14 16:02:22', '2022-09-14 16:02:22'),
	(955, 'default', 'Login', NULL, NULL, NULL, 'App\\Models\\User', 0, '[]', NULL, '2022-09-14 16:14:43', '2022-09-14 16:14:43'),
	(956, 'default', 'Tambah Data Menu Akses', NULL, NULL, NULL, 'App\\Models\\User', 0, '[]', NULL, '2022-09-14 16:17:55', '2022-09-14 16:17:55'),
	(957, 'default', 'Tambah Data Sub Menu Akses', NULL, NULL, NULL, 'App\\Models\\User', 0, '[]', NULL, '2022-09-14 16:18:55', '2022-09-14 16:18:55'),
	(958, 'default', 'Tambah Data Sub Menu Akses', NULL, NULL, NULL, 'App\\Models\\User', 0, '[]', NULL, '2022-09-14 16:19:17', '2022-09-14 16:19:17'),
	(959, 'default', 'Tambah Data Sub Menu Akses', NULL, NULL, NULL, 'App\\Models\\User', 0, '[]', NULL, '2022-09-14 16:19:36', '2022-09-14 16:19:36'),
	(960, 'default', 'Tambah Data Menu Akses', NULL, NULL, NULL, 'App\\Models\\User', 0, '[]', NULL, '2022-09-14 16:25:15', '2022-09-14 16:25:15'),
	(961, 'default', 'Tambah Data Menu Akses', NULL, NULL, NULL, 'App\\Models\\User', 0, '[]', NULL, '2022-09-14 16:27:03', '2022-09-14 16:27:03'),
	(962, 'default', 'Tambah Data Menu Akses', NULL, NULL, NULL, 'App\\Models\\User', 0, '[]', NULL, '2022-09-14 16:27:22', '2022-09-14 16:27:22'),
	(963, 'default', 'Tambah Data Menu Akses', NULL, NULL, NULL, 'App\\Models\\User', 0, '[]', NULL, '2022-09-14 16:31:47', '2022-09-14 16:31:47'),
	(964, 'default', 'Tambah Data Menu Akses', NULL, NULL, NULL, 'App\\Models\\User', 0, '[]', NULL, '2022-09-14 16:32:13', '2022-09-14 16:32:13'),
	(965, 'default', 'Proses Data Emergency dengan ID = edee6e93-4bf1-48ec-8054-d3425513d8a3', NULL, NULL, NULL, 'App\\Models\\User', 0, '[]', NULL, '2022-09-14 16:41:29', '2022-09-14 16:41:29'),
	(966, 'default', 'Tambah Data User', NULL, NULL, NULL, 'App\\Models\\User', 0, '[]', NULL, '2022-09-14 16:43:07', '2022-09-14 16:43:07'),
	(967, 'default', 'Log Out', NULL, NULL, NULL, 'App\\Models\\User', 0, '[]', NULL, '2022-09-14 16:43:13', '2022-09-14 16:43:13'),
	(968, 'default', 'Login', NULL, NULL, NULL, 'App\\Models\\User', 6160, '[]', NULL, '2022-09-14 16:43:22', '2022-09-14 16:43:22'),
	(969, 'default', 'Tambah Data Sub Menu Akses', NULL, NULL, NULL, 'App\\Models\\User', 0, '[]', NULL, '2022-09-14 16:49:26', '2022-09-14 16:49:26'),
	(970, 'default', 'Tambah Data Sub Menu Akses', NULL, NULL, NULL, 'App\\Models\\User', 0, '[]', NULL, '2022-09-14 16:49:50', '2022-09-14 16:49:50'),
	(971, 'default', 'Proses Data Aduan dengan ID = bd7b451a-c84b-4208-91da-f8aa50573396', NULL, NULL, NULL, 'App\\Models\\User', 0, '[]', NULL, '2022-09-14 16:53:19', '2022-09-14 16:53:19'),
	(972, 'default', 'Proses Data Emergency dengan ID = ac1cda3b-ba0d-4688-9fc3-df061311e733', NULL, NULL, NULL, 'App\\Models\\User', 0, '[]', NULL, '2022-09-14 16:57:13', '2022-09-14 16:57:13'),
	(973, 'default', 'Log Out', NULL, NULL, NULL, 'App\\Models\\User', 6160, '[]', NULL, '2022-09-14 16:59:14', '2022-09-14 16:59:14'),
	(974, 'default', 'Login', NULL, NULL, NULL, 'App\\Models\\User', 0, '[]', NULL, '2022-09-14 16:59:26', '2022-09-14 16:59:26'),
	(975, 'default', 'Log Out', NULL, NULL, NULL, 'App\\Models\\User', 0, '[]', NULL, '2022-09-14 17:00:00', '2022-09-14 17:00:00'),
	(976, 'default', 'Login', NULL, NULL, NULL, 'App\\Models\\User', 6160, '[]', NULL, '2022-09-14 17:00:08', '2022-09-14 17:00:08'),
	(977, 'default', 'Ubah Data Sub Menu Akses dengan ID = 60', NULL, NULL, NULL, 'App\\Models\\User', 0, '[]', NULL, '2022-09-14 17:00:48', '2022-09-14 17:00:48'),
	(978, 'default', 'Log Out', NULL, NULL, NULL, 'App\\Models\\User', 6160, '[]', NULL, '2022-09-14 17:01:39', '2022-09-14 17:01:39'),
	(979, 'default', 'Log Out', NULL, NULL, NULL, 'App\\Models\\User', 0, '[]', NULL, '2022-09-14 17:01:46', '2022-09-14 17:01:46'),
	(980, 'default', 'Login', NULL, NULL, NULL, 'App\\Models\\User', 0, '[]', NULL, '2022-09-14 17:01:50', '2022-09-14 17:01:50'),
	(981, 'default', 'Login', NULL, NULL, NULL, 'App\\Models\\User', 0, '[]', NULL, '2022-09-14 17:02:04', '2022-09-14 17:02:04'),
	(982, 'default', 'Ubah Data Sub Menu Akses dengan ID = 61', NULL, NULL, NULL, 'App\\Models\\User', 0, '[]', NULL, '2022-09-14 17:03:01', '2022-09-14 17:03:01'),
	(983, 'default', 'Ubah Data Sub Menu Akses dengan ID = 62', NULL, NULL, NULL, 'App\\Models\\User', 0, '[]', NULL, '2022-09-14 17:03:20', '2022-09-14 17:03:20'),
	(984, 'default', 'Ubah Data Sub Menu Akses dengan ID = 63', NULL, NULL, NULL, 'App\\Models\\User', 0, '[]', NULL, '2022-09-14 17:03:39', '2022-09-14 17:03:39'),
	(985, 'default', 'Ubah Data Ambulance dengan ID = 3', NULL, NULL, NULL, 'App\\Models\\User', 0, '[]', NULL, '2022-09-14 17:04:36', '2022-09-14 17:04:36'),
	(986, 'default', 'Ubah Data Ambulance dengan ID = 2', NULL, NULL, NULL, 'App\\Models\\User', 0, '[]', NULL, '2022-09-14 17:05:10', '2022-09-14 17:05:10'),
	(987, 'default', 'Tambah Data Announcement', NULL, NULL, NULL, 'App\\Models\\User', 0, '[]', NULL, '2022-09-14 17:08:38', '2022-09-14 17:08:38'),
	(988, 'default', 'Tambah Data Group', NULL, NULL, NULL, 'App\\Models\\User', 0, '[]', NULL, '2022-09-14 17:13:17', '2022-09-14 17:13:17'),
	(989, 'default', 'Ubah Data Group dengan ID = 7', NULL, NULL, NULL, 'App\\Models\\User', 0, '[]', NULL, '2022-09-14 17:13:56', '2022-09-14 17:13:56'),
	(990, 'default', 'Tambah Data Menu Akses', NULL, NULL, NULL, 'App\\Models\\User', 0, '[]', NULL, '2022-09-14 17:14:16', '2022-09-14 17:14:16'),
	(991, 'default', 'Ubah Data Menu Akses dengan ID = 44', NULL, NULL, NULL, 'App\\Models\\User', 0, '[]', NULL, '2022-09-14 17:14:34', '2022-09-14 17:14:34'),
	(992, 'default', 'Login', NULL, NULL, NULL, 'App\\Models\\User', 0, '[]', NULL, '2022-09-14 17:27:44', '2022-09-14 17:27:44'),
	(993, 'default', 'Ubah Data Aduan dengan ID = cf099474-3308-4419-8a99-f5626f3f5484', NULL, NULL, NULL, 'App\\Models\\User', 0, '[]', NULL, '2022-09-14 19:00:34', '2022-09-14 19:00:34'),
	(994, 'default', 'Ubah Data Menu dengan ID = 25', NULL, NULL, NULL, 'App\\Models\\User', 0, '[]', NULL, '2022-09-14 19:24:48', '2022-09-14 19:24:48'),
	(995, 'default', 'Ubah Data Menu dengan ID = 26', NULL, NULL, NULL, 'App\\Models\\User', 0, '[]', NULL, '2022-09-14 19:25:01', '2022-09-14 19:25:01'),
	(996, 'default', 'Login', NULL, NULL, NULL, 'App\\Models\\User', 0, '[]', NULL, '2022-09-14 23:02:16', '2022-09-14 23:02:16'),
	(997, 'default', 'Ubah Data Aduan dengan ID = 4ee3196b-9111-46f8-b5dd-a64afd24cc3a', NULL, NULL, NULL, 'App\\Models\\User', 0, '[]', NULL, '2022-09-14 23:25:29', '2022-09-14 23:25:29'),
	(998, 'default', 'Login', NULL, NULL, NULL, 'App\\Models\\User', 0, '[]', NULL, '2022-09-14 23:29:45', '2022-09-14 23:29:45'),
	(999, 'default', 'Login', NULL, NULL, NULL, 'App\\Models\\User', 0, '[]', NULL, '2022-09-15 07:53:19', '2022-09-15 07:53:19'),
	(1000, 'default', 'Login', NULL, NULL, NULL, 'App\\Models\\User', 0, '[]', NULL, '2022-09-15 14:18:51', '2022-09-15 14:18:51'),
	(1001, 'default', 'Login', NULL, NULL, NULL, 'App\\Models\\User', 0, '[]', NULL, '2022-09-15 14:39:37', '2022-09-15 14:39:37'),
	(1002, 'default', 'Login', NULL, NULL, NULL, 'App\\Models\\User', 0, '[]', NULL, '2022-09-15 18:46:51', '2022-09-15 18:46:51'),
	(1003, 'default', 'Login', NULL, NULL, NULL, 'App\\Models\\User', 0, '[]', NULL, '2022-09-16 10:54:29', '2022-09-16 10:54:29'),
	(1004, 'default', 'Login', NULL, NULL, NULL, 'App\\Models\\User', 0, '[]', NULL, '2022-09-16 13:51:45', '2022-09-16 13:51:45'),
	(1005, 'default', 'Login', NULL, NULL, NULL, 'App\\Models\\User', 0, '[]', NULL, '2022-09-16 13:51:46', '2022-09-16 13:51:46'),
	(1006, 'default', 'Login', NULL, NULL, NULL, 'App\\Models\\User', 0, '[]', NULL, '2022-09-16 14:32:49', '2022-09-16 14:32:49'),
	(1007, 'default', 'Ubah Data Aduan dengan ID = 9cb7f230-8050-49af-b44e-df68ee2d169b', NULL, NULL, NULL, 'App\\Models\\User', 0, '[]', NULL, '2022-09-16 14:44:28', '2022-09-16 14:44:28'),
	(1008, 'default', 'Proses Data Emergency dengan ID = 9cb7f230-8050-49af-b44e-df68ee2d169b', NULL, NULL, NULL, 'App\\Models\\User', 0, '[]', NULL, '2022-09-16 14:44:49', '2022-09-16 14:44:49'),
	(1009, 'default', 'Tambah Data Subdistrict', NULL, NULL, NULL, 'App\\Models\\User', 0, '[]', NULL, '2022-09-16 14:49:04', '2022-09-16 14:49:04'),
	(1010, 'default', 'Ubah Data Subdistrict dengan ID = 10', NULL, NULL, NULL, 'App\\Models\\User', 0, '[]', NULL, '2022-09-16 14:49:15', '2022-09-16 14:49:15'),
	(1011, 'default', 'Tambah Data Kelurahan', NULL, NULL, NULL, 'App\\Models\\User', 0, '[]', NULL, '2022-09-16 14:49:27', '2022-09-16 14:49:27'),
	(1012, 'default', 'Tambah Data Kelurahan', NULL, NULL, NULL, 'App\\Models\\User', 0, '[]', NULL, '2022-09-16 14:49:36', '2022-09-16 14:49:36'),
	(1013, 'default', 'Hapus Data Kelurahan dengan ID = 45', NULL, NULL, NULL, 'App\\Models\\User', 0, '[]', NULL, '2022-09-16 14:49:41', '2022-09-16 14:49:41'),
	(1014, 'default', 'Hapus Data Kelurahan dengan ID = 46', NULL, NULL, NULL, 'App\\Models\\User', 0, '[]', NULL, '2022-09-16 14:53:34', '2022-09-16 14:53:34'),
	(1015, 'default', 'Hapus Data Subdistrict dengan ID = 10', NULL, NULL, NULL, 'App\\Models\\User', 0, '[]', NULL, '2022-09-16 14:53:38', '2022-09-16 14:53:38'),
	(1016, 'default', 'Tambah Data Category', NULL, NULL, NULL, 'App\\Models\\User', 0, '[]', NULL, '2022-09-16 14:54:09', '2022-09-16 14:54:09'),
	(1017, 'default', 'Ubah Data Kategory dengan ID = 3', NULL, NULL, NULL, 'App\\Models\\User', 0, '[]', NULL, '2022-09-16 14:59:46', '2022-09-16 14:59:46'),
	(1018, 'default', 'Tambah Data Tindakan', NULL, NULL, NULL, 'App\\Models\\User', 0, '[]', NULL, '2022-09-16 14:59:55', '2022-09-16 14:59:55'),
	(1019, 'default', 'Tambah Data Tindakan', NULL, NULL, NULL, 'App\\Models\\User', 0, '[]', NULL, '2022-09-16 15:00:08', '2022-09-16 15:00:08'),
	(1020, 'default', 'Ubah Data Tindakan dengan ID = 5', NULL, NULL, NULL, 'App\\Models\\User', 0, '[]', NULL, '2022-09-16 15:00:16', '2022-09-16 15:00:16'),
	(1021, 'default', 'Hapus Data Tindakan dengan ID = 5', NULL, NULL, NULL, 'App\\Models\\User', 0, '[]', NULL, '2022-09-16 15:00:22', '2022-09-16 15:00:22'),
	(1022, 'default', 'Hapus Data Category dengan ID = 3', NULL, NULL, NULL, 'App\\Models\\User', 0, '[]', NULL, '2022-09-16 15:00:31', '2022-09-16 15:00:31'),
	(1023, 'default', 'Tambah Data Officer', NULL, NULL, NULL, 'App\\Models\\User', 0, '[]', NULL, '2022-09-16 15:02:37', '2022-09-16 15:02:37'),
	(1024, 'default', 'Login', NULL, NULL, NULL, 'App\\Models\\User', 0, '[]', NULL, '2022-09-16 19:14:25', '2022-09-16 19:14:25'),
	(1026, 'default', 'Login', NULL, NULL, NULL, 'App\\Models\\User', 0, '[]', NULL, '2022-09-17 02:40:38', '2022-09-17 02:40:38'),
	(1028, 'default', 'Log Out', NULL, NULL, NULL, 'App\\Models\\User', 0, '[]', NULL, '2022-09-17 02:40:42', '2022-09-17 02:40:42'),
	(1030, 'default', 'Login', NULL, NULL, NULL, 'App\\Models\\User', 0, '[]', NULL, '2022-09-17 02:41:25', '2022-09-17 02:41:25'),
	(1032, 'default', 'Log Out', NULL, NULL, NULL, 'App\\Models\\User', 0, '[]', NULL, '2022-09-17 02:41:45', '2022-09-17 02:41:45'),
	(1034, 'default', 'Login', NULL, NULL, NULL, 'App\\Models\\User', 0, '[]', NULL, '2022-09-17 02:43:51', '2022-09-17 02:43:51'),
	(1036, 'default', 'Log Out', NULL, NULL, NULL, 'App\\Models\\User', 0, '[]', NULL, '2022-09-17 02:44:06', '2022-09-17 02:44:06'),
	(1038, 'default', 'Login', NULL, NULL, NULL, 'App\\Models\\User', 0, '[]', NULL, '2022-09-17 02:46:57', '2022-09-17 02:46:57'),
	(1040, 'default', 'Log Out', NULL, NULL, NULL, 'App\\Models\\User', 0, '[]', NULL, '2022-09-17 02:50:26', '2022-09-17 02:50:26'),
	(1042, 'default', 'Login', NULL, NULL, NULL, 'App\\Models\\User', 0, '[]', NULL, '2022-09-17 02:51:13', '2022-09-17 02:51:13'),
	(1044, 'default', 'Log Out', NULL, NULL, NULL, 'App\\Models\\User', 0, '[]', NULL, '2022-09-17 02:51:41', '2022-09-17 02:51:41'),
	(1046, 'default', 'Login', NULL, NULL, NULL, 'App\\Models\\User', 0, '[]', NULL, '2022-09-17 07:00:57', '2022-09-17 07:00:57'),
	(1048, 'default', 'Login', NULL, NULL, NULL, 'App\\Models\\User', 0, '[]', NULL, '2022-09-17 10:15:44', '2022-09-17 10:15:44'),
	(1050, 'default', 'Log Out', NULL, NULL, NULL, 'App\\Models\\User', 0, '[]', NULL, '2022-09-17 10:16:56', '2022-09-17 10:16:56'),
	(1052, 'default', 'Login', NULL, NULL, NULL, 'App\\Models\\User', 0, '[]', NULL, '2022-09-17 12:24:01', '2022-09-17 12:24:01'),
	(1054, 'default', 'Login', NULL, NULL, NULL, 'App\\Models\\User', 0, '[]', NULL, '2022-09-17 12:46:19', '2022-09-17 12:46:19'),
	(1056, 'default', 'Login', NULL, NULL, NULL, 'App\\Models\\User', 0, '[]', NULL, '2022-09-17 14:01:28', '2022-09-17 14:01:28'),
	(1058, 'default', 'Login', NULL, NULL, NULL, 'App\\Models\\User', 0, '[]', NULL, '2022-09-17 15:41:03', '2022-09-17 15:41:03'),
	(1060, 'default', 'Log Out', NULL, NULL, NULL, 'App\\Models\\User', 0, '[]', NULL, '2022-09-17 15:41:23', '2022-09-17 15:41:23'),
	(1062, 'default', 'Login', NULL, NULL, NULL, 'App\\Models\\User', 0, '[]', NULL, '2022-09-17 15:55:27', '2022-09-17 15:55:27'),
	(1064, 'default', 'Login', NULL, NULL, NULL, 'App\\Models\\User', 0, '[]', NULL, '2022-09-17 15:56:41', '2022-09-17 15:56:41'),
	(1066, 'default', 'Log Out', NULL, NULL, NULL, 'App\\Models\\User', 0, '[]', NULL, '2022-09-17 16:45:11', '2022-09-17 16:45:11'),
	(1068, 'default', 'Login', NULL, NULL, NULL, 'App\\Models\\User', 0, '[]', NULL, '2022-09-17 16:46:38', '2022-09-17 16:46:38'),
	(1070, 'default', 'Log Out', NULL, NULL, NULL, 'App\\Models\\User', 0, '[]', NULL, '2022-09-17 16:49:14', '2022-09-17 16:49:14'),
	(1072, 'default', 'Login', NULL, NULL, NULL, 'App\\Models\\User', 0, '[]', NULL, '2022-09-17 19:00:35', '2022-09-17 19:00:35'),
	(1074, 'default', 'Ubah Data Pengaturan', NULL, NULL, NULL, 'App\\Models\\User', 0, '[]', NULL, '2022-09-17 19:01:58', '2022-09-17 19:01:58'),
	(1076, 'default', 'Ubah Data Pengaturan', NULL, NULL, NULL, 'App\\Models\\User', 0, '[]', NULL, '2022-09-17 19:15:47', '2022-09-17 19:15:47'),
	(1078, 'default', 'Ubah Data Pengaturan', NULL, NULL, NULL, 'App\\Models\\User', 0, '[]', NULL, '2022-09-17 19:15:59', '2022-09-17 19:15:59'),
	(1080, 'default', 'Login', NULL, NULL, NULL, 'App\\Models\\User', 0, '[]', NULL, '2022-09-17 22:14:59', '2022-09-17 22:14:59'),
	(1082, 'default', 'Login', NULL, NULL, NULL, 'App\\Models\\User', 0, '[]', NULL, '2022-09-17 22:57:47', '2022-09-17 22:57:47'),
	(1084, 'default', 'Log Out', NULL, NULL, NULL, 'App\\Models\\User', 0, '[]', NULL, '2022-09-17 22:58:34', '2022-09-17 22:58:34'),
	(1086, 'default', 'Login', NULL, NULL, NULL, 'App\\Models\\User', 0, '[]', NULL, '2022-09-18 05:58:07', '2022-09-18 05:58:07'),
	(1088, 'default', 'Login', NULL, NULL, NULL, 'App\\Models\\User', 0, '[]', NULL, '2022-09-18 07:06:58', '2022-09-18 07:06:58'),
	(1090, 'default', 'Login', NULL, NULL, NULL, 'App\\Models\\User', 0, '[]', NULL, '2022-09-18 13:43:39', '2022-09-18 13:43:39'),
	(1092, 'default', 'Login', NULL, NULL, NULL, 'App\\Models\\User', 0, '[]', NULL, '2022-09-18 18:25:59', '2022-09-18 18:25:59'),
	(1094, 'default', 'Login', NULL, NULL, NULL, 'App\\Models\\User', 0, '[]', NULL, '2022-09-18 21:09:12', '2022-09-18 21:09:12'),
	(1096, 'default', 'Login', NULL, NULL, NULL, 'App\\Models\\User', 0, '[]', NULL, '2022-09-18 21:27:38', '2022-09-18 21:27:38'),
	(1098, 'default', 'Log Out', NULL, NULL, NULL, 'App\\Models\\User', 0, '[]', NULL, '2022-09-18 21:29:18', '2022-09-18 21:29:18'),
	(1100, 'default', 'Login', NULL, NULL, NULL, 'App\\Models\\User', 0, '[]', NULL, '2022-09-18 21:29:27', '2022-09-18 21:29:27'),
	(1102, 'default', 'Ubah Data Profil dengan ID = da8248ec-1414-43f4-95c0-eb944cb7b168', NULL, NULL, NULL, 'App\\Models\\User', 0, '[]', NULL, '2022-09-18 22:02:26', '2022-09-18 22:02:26'),
	(1104, 'default', 'Ubah Data Officer dengan ID = 3', NULL, NULL, NULL, 'App\\Models\\User', 0, '[]', NULL, '2022-09-18 22:42:10', '2022-09-18 22:42:10'),
	(1106, 'default', 'Ubah Data Officer dengan ID = 3', NULL, NULL, NULL, 'App\\Models\\User', 0, '[]', NULL, '2022-09-18 22:43:32', '2022-09-18 22:43:32'),
	(1108, 'default', 'Ubah Data Officer dengan ID = 3', NULL, NULL, NULL, 'App\\Models\\User', 0, '[]', NULL, '2022-09-18 22:45:14', '2022-09-18 22:45:14'),
	(1110, 'default', 'Ubah Data Officer dengan ID = 3', NULL, NULL, NULL, 'App\\Models\\User', 0, '[]', NULL, '2022-09-18 22:46:59', '2022-09-18 22:46:59'),
	(1112, 'default', 'Proses Data Aduan dengan ID = 14ea3fac-9a0e-448c-ac00-63e58b33965b', NULL, NULL, NULL, 'App\\Models\\User', 0, '[]', NULL, '2022-09-18 22:49:38', '2022-09-18 22:49:38'),
	(1114, 'default', 'Login', NULL, NULL, NULL, 'App\\Models\\User', 0, '[]', NULL, '2022-09-19 06:24:31', '2022-09-19 06:24:31'),
	(1116, 'default', 'Login', NULL, NULL, NULL, 'App\\Models\\User', 0, '[]', NULL, '2022-09-19 10:58:56', '2022-09-19 10:58:56'),
	(1118, 'default', 'Login', NULL, NULL, NULL, 'App\\Models\\User', 0, '[]', NULL, '2022-09-19 12:11:14', '2022-09-19 12:11:14'),
	(1120, 'default', 'Tambah Data Announcement', NULL, NULL, NULL, 'App\\Models\\User', 0, '[]', NULL, '2022-09-19 12:17:27', '2022-09-19 12:17:27'),
	(1122, 'default', 'Login', NULL, NULL, NULL, 'App\\Models\\User', 0, '[]', NULL, '2022-09-19 13:57:25', '2022-09-19 13:57:25'),
	(1124, 'default', 'Tambah Data Sub Menu', NULL, NULL, NULL, 'App\\Models\\User', 0, '[]', NULL, '2022-09-19 13:58:40', '2022-09-19 13:58:40'),
	(1126, 'default', 'Tambah Data Sub Menu Akses', NULL, NULL, NULL, 'App\\Models\\User', 0, '[]', NULL, '2022-09-19 13:59:07', '2022-09-19 13:59:07'),
	(1128, 'default', 'Ubah Data Telepon PSC dengan ID = 2', NULL, NULL, NULL, 'App\\Models\\User', 0, '[]', NULL, '2022-09-19 13:59:28', '2022-09-19 13:59:28'),
	(1130, 'default', 'Ubah Data Telepon PSC dengan ID = 3', NULL, NULL, NULL, 'App\\Models\\User', 0, '[]', NULL, '2022-09-19 13:59:35', '2022-09-19 13:59:35'),
	(1132, 'default', 'Login', NULL, NULL, NULL, 'App\\Models\\User', 0, '[]', NULL, '2022-09-19 15:34:39', '2022-09-19 15:34:39'),
	(1134, 'default', 'Tambah Data Aduan', NULL, NULL, NULL, 'App\\Models\\User', 0, '[]', NULL, '2022-09-19 15:41:12', '2022-09-19 15:41:12'),
	(1136, 'default', 'Tambah Data Subdistrict', NULL, NULL, NULL, 'App\\Models\\User', 0, '[]', NULL, '2022-09-19 16:02:55', '2022-09-19 16:02:55'),
	(1138, 'default', 'Tambah Data Kelurahan', NULL, NULL, NULL, 'App\\Models\\User', 0, '[]', NULL, '2022-09-19 16:04:09', '2022-09-19 16:04:09'),
	(1140, 'default', 'Ubah Data Kelurahan dengan ID = 48', NULL, NULL, NULL, 'App\\Models\\User', 0, '[]', NULL, '2022-09-19 16:04:20', '2022-09-19 16:04:20'),
	(1142, 'default', 'Login', NULL, NULL, NULL, 'App\\Models\\User', 0, '[]', NULL, '2022-09-19 19:03:04', '2022-09-19 19:03:04'),
	(1144, 'default', 'Ubah Data Telepon PSC dengan ID = 3', NULL, NULL, NULL, 'App\\Models\\User', 0, '[]', NULL, '2022-09-19 19:05:14', '2022-09-19 19:05:14'),
	(1146, 'default', 'Ubah Data Telepon PSC dengan ID = 1', NULL, NULL, NULL, 'App\\Models\\User', 0, '[]', NULL, '2022-09-19 19:05:44', '2022-09-19 19:05:44'),
	(1148, 'default', 'Ubah Data Telepon PSC dengan ID = 3', NULL, NULL, NULL, 'App\\Models\\User', 0, '[]', NULL, '2022-09-19 19:05:58', '2022-09-19 19:05:58'),
	(1150, 'default', 'Ubah Data Telepon PSC dengan ID = 2', NULL, NULL, NULL, 'App\\Models\\User', 0, '[]', NULL, '2022-09-19 19:06:11', '2022-09-19 19:06:11'),
	(1152, 'default', 'Ubah Data User dengan ID = 6160aecf-6b09-4270-ba70-a888368b8546', NULL, NULL, NULL, 'App\\Models\\User', 0, '[]', NULL, '2022-09-19 19:33:50', '2022-09-19 19:33:50'),
	(1154, 'default', 'Login', NULL, NULL, NULL, 'App\\Models\\User', 0, '[]', NULL, '2022-09-20 09:06:39', '2022-09-20 09:06:39'),
	(1156, 'default', 'Hapus Data Kelurahan dengan ID = 48', NULL, NULL, NULL, 'App\\Models\\User', 0, '[]', NULL, '2022-09-20 09:07:26', '2022-09-20 09:07:26'),
	(1158, 'default', 'Hapus Data Subdistrict dengan ID = 12', NULL, NULL, NULL, 'App\\Models\\User', 0, '[]', NULL, '2022-09-20 09:07:32', '2022-09-20 09:07:32'),
	(1160, 'default', 'Tambah Data Tindakan', NULL, NULL, NULL, 'App\\Models\\User', 0, '[]', NULL, '2022-09-20 09:13:11', '2022-09-20 09:13:11'),
	(1162, 'default', 'Ubah Data Tindakan dengan ID = 8', NULL, NULL, NULL, 'App\\Models\\User', 0, '[]', NULL, '2022-09-20 09:13:21', '2022-09-20 09:13:21'),
	(1164, 'default', 'Hapus Data Tindakan dengan ID = 8', NULL, NULL, NULL, 'App\\Models\\User', 0, '[]', NULL, '2022-09-20 09:13:25', '2022-09-20 09:13:25'),
	(1166, 'default', 'Ubah Data Kategory dengan ID = 2', NULL, NULL, NULL, 'App\\Models\\User', 0, '[]', NULL, '2022-09-20 09:13:46', '2022-09-20 09:13:46'),
	(1168, 'default', 'Tambah Data Category', NULL, NULL, NULL, 'App\\Models\\User', 0, '[]', NULL, '2022-09-20 09:14:02', '2022-09-20 09:14:02'),
	(1170, 'default', 'Tambah Data Telepon PSC', NULL, NULL, NULL, 'App\\Models\\User', 0, '[]', NULL, '2022-09-20 09:46:31', '2022-09-20 09:46:31'),
	(1172, 'default', 'Ubah Data Telepon PSC dengan ID = 4', NULL, NULL, NULL, 'App\\Models\\User', 0, '[]', NULL, '2022-09-20 09:46:45', '2022-09-20 09:46:45'),
	(1174, 'default', 'Hapus Data Telepon PSC dengan ID = 4', NULL, NULL, NULL, 'App\\Models\\User', 0, '[]', NULL, '2022-09-20 09:46:49', '2022-09-20 09:46:49'),
	(1176, 'default', 'Login', NULL, NULL, NULL, 'App\\Models\\User', 0, '[]', NULL, '2022-09-20 10:23:51', '2022-09-20 10:23:51'),
	(1178, 'default', 'Login', NULL, NULL, NULL, 'App\\Models\\User', 0, '[]', NULL, '2022-09-20 14:51:30', '2022-09-20 14:51:30'),
	(1180, 'default', 'Hapus Data Announcement dengan ID = 6', NULL, NULL, NULL, 'App\\Models\\User', 0, '[]', NULL, '2022-09-20 14:52:34', '2022-09-20 14:52:34'),
	(1182, 'default', 'Login', NULL, NULL, NULL, 'App\\Models\\User', 0, '[]', NULL, '2022-09-20 14:55:47', '2022-09-20 14:55:47'),
	(1184, 'default', 'Login', NULL, NULL, NULL, 'App\\Models\\User', 0, '[]', NULL, '2022-09-20 14:59:00', '2022-09-20 14:59:00'),
	(1186, 'default', 'Tambah Data Category', NULL, NULL, NULL, 'App\\Models\\User', 0, '[]', NULL, '2022-09-20 15:00:24', '2022-09-20 15:00:24'),
	(1188, 'default', 'Hapus Data Category dengan ID = 4', NULL, NULL, NULL, 'App\\Models\\User', 0, '[]', NULL, '2022-09-20 15:00:30', '2022-09-20 15:00:30'),
	(1190, 'default', 'Hapus Data Category dengan ID = 6', NULL, NULL, NULL, 'App\\Models\\User', 0, '[]', NULL, '2022-09-20 15:00:33', '2022-09-20 15:00:33'),
	(1192, 'default', 'Tambah Data Officer', NULL, NULL, NULL, 'App\\Models\\User', 0, '[]', NULL, '2022-09-20 15:13:52', '2022-09-20 15:13:52'),
	(1194, 'default', 'Login', NULL, NULL, NULL, 'App\\Models\\User', 0, '[]', NULL, '2022-09-20 17:08:02', '2022-09-20 17:08:02'),
	(1196, 'default', 'Login', NULL, NULL, NULL, 'App\\Models\\User', 0, '[]', NULL, '2022-09-20 19:04:43', '2022-09-20 19:04:43'),
	(1198, 'default', 'Login', NULL, NULL, NULL, 'App\\Models\\User', 0, '[]', NULL, '2022-09-20 20:03:20', '2022-09-20 20:03:20'),
	(1200, 'default', 'Login', NULL, NULL, NULL, 'App\\Models\\User', 0, '[]', NULL, '2022-09-20 20:17:27', '2022-09-20 20:17:27'),
	(1202, 'default', 'Login', NULL, NULL, NULL, 'App\\Models\\User', 0, '[]', NULL, '2022-09-20 20:25:45', '2022-09-20 20:25:45'),
	(1204, 'default', 'Log Out', NULL, NULL, NULL, 'App\\Models\\User', 0, '[]', NULL, '2022-09-20 20:26:52', '2022-09-20 20:26:52'),
	(1206, 'default', 'Proses Data Aduan dengan ID = 4b026ccd-d3e9-4ea3-a055-8823ed102f4b', NULL, NULL, NULL, 'App\\Models\\User', 0, '[]', NULL, '2022-09-20 20:33:18', '2022-09-20 20:33:18'),
	(1208, 'default', 'Ubah Data Aduan dengan ID = e4219c5e-4361-43e9-8902-dac6bc45f6b6', NULL, NULL, NULL, 'App\\Models\\User', 0, '[]', NULL, '2022-09-20 20:55:28', '2022-09-20 20:55:28'),
	(1210, 'default', 'Login', NULL, NULL, NULL, 'App\\Models\\User', 0, '[]', NULL, '2022-09-21 11:34:33', '2022-09-21 11:34:33'),
	(1212, 'default', 'Login', NULL, NULL, NULL, 'App\\Models\\User', 0, '[]', NULL, '2022-09-21 13:39:02', '2022-09-21 13:39:02'),
	(1214, 'default', 'Tambah Data User', NULL, NULL, NULL, 'App\\Models\\User', 0, '[]', NULL, '2022-09-21 14:18:28', '2022-09-21 14:18:28'),
	(1216, 'default', 'Login', NULL, NULL, NULL, 'App\\Models\\User', 0, '[]', NULL, '2022-09-21 14:51:04', '2022-09-21 14:51:04'),
	(1218, 'default', 'Log Out', NULL, NULL, NULL, 'App\\Models\\User', 0, '[]', NULL, '2022-09-21 15:01:28', '2022-09-21 15:01:28'),
	(1220, 'default', 'Login', NULL, NULL, NULL, 'App\\Models\\User', 0, '[]', NULL, '2022-09-21 15:01:42', '2022-09-21 15:01:42'),
	(1222, 'default', 'Tambah Data User', NULL, NULL, NULL, 'App\\Models\\User', 0, '[]', NULL, '2022-09-21 15:04:24', '2022-09-21 15:04:24'),
	(1224, 'default', 'Login', NULL, NULL, NULL, 'App\\Models\\User', 0, '[]', NULL, '2022-09-21 15:10:46', '2022-09-21 15:10:46'),
	(1226, 'default', 'Ubah Data Aduan dengan ID = 1fd2ee54-35d0-45a5-94b2-0ea3d3919175', NULL, NULL, NULL, 'App\\Models\\User', 0, '[]', NULL, '2022-09-21 15:29:43', '2022-09-21 15:29:43'),
	(1228, 'default', 'Login', NULL, NULL, NULL, 'App\\Models\\User', 0, '[]', NULL, '2022-09-21 15:39:04', '2022-09-21 15:39:04'),
	(1230, 'default', 'Login', NULL, NULL, NULL, 'App\\Models\\User', 8, '[]', NULL, '2022-09-21 15:41:14', '2022-09-21 15:41:14'),
	(1232, 'default', 'Log Out', NULL, NULL, NULL, 'App\\Models\\User', 8, '[]', NULL, '2022-09-21 15:42:10', '2022-09-21 15:42:10'),
	(1234, 'default', 'Login', NULL, NULL, NULL, 'App\\Models\\User', 0, '[]', NULL, '2022-09-21 15:42:22', '2022-09-21 15:42:22'),
	(1236, 'default', 'Login', NULL, NULL, NULL, 'App\\Models\\User', 0, '[]', NULL, '2022-09-22 10:25:08', '2022-09-22 10:25:08'),
	(1238, 'default', 'Login', NULL, NULL, NULL, 'App\\Models\\User', 0, '[]', NULL, '2022-09-22 12:48:53', '2022-09-22 12:48:53'),
	(1240, 'default', 'Ubah Data Officer dengan ID = 5', NULL, NULL, NULL, 'App\\Models\\User', 0, '[]', NULL, '2022-09-22 12:51:15', '2022-09-22 12:51:15'),
	(1242, 'default', 'Ubah Data Officer dengan ID = 6', NULL, NULL, NULL, 'App\\Models\\User', 0, '[]', NULL, '2022-09-22 12:52:03', '2022-09-22 12:52:03'),
	(1244, 'default', 'Login', NULL, NULL, NULL, 'App\\Models\\User', 0, '[]', NULL, '2022-09-22 13:25:42', '2022-09-22 13:25:42'),
	(1246, 'default', 'Ubah Data Officer dengan ID = 6', NULL, NULL, NULL, 'App\\Models\\User', 0, '[]', NULL, '2022-09-22 13:26:57', '2022-09-22 13:26:57'),
	(1248, 'default', 'Login', NULL, NULL, NULL, 'App\\Models\\User', 0, '[]', NULL, '2022-09-22 14:16:18', '2022-09-22 14:16:18'),
	(1250, 'default', 'Login', NULL, NULL, NULL, 'App\\Models\\User', 0, '[]', NULL, '2022-09-22 14:17:02', '2022-09-22 14:17:02'),
	(1252, 'default', 'Ubah Data User dengan ID = 8c3b691a-1db4-4248-a6ce-03dc4704e400', NULL, NULL, NULL, 'App\\Models\\User', 0, '[]', NULL, '2022-09-22 14:17:11', '2022-09-22 14:17:11'),
	(1254, 'default', 'Log Out', NULL, NULL, NULL, 'App\\Models\\User', 0, '[]', NULL, '2022-09-22 14:17:21', '2022-09-22 14:17:21'),
	(1256, 'default', 'Login', NULL, NULL, NULL, 'App\\Models\\User', 0, '[]', NULL, '2022-09-22 14:17:57', '2022-09-22 14:17:57'),
	(1258, 'default', 'Ubah Data User dengan ID = 8c3b691a-1db4-4248-a6ce-03dc4704e400', NULL, NULL, NULL, 'App\\Models\\User', 0, '[]', NULL, '2022-09-22 14:18:17', '2022-09-22 14:18:17'),
	(1260, 'default', 'Log Out', NULL, NULL, NULL, 'App\\Models\\User', 0, '[]', NULL, '2022-09-22 14:18:23', '2022-09-22 14:18:23'),
	(1262, 'default', 'Login', NULL, NULL, NULL, 'App\\Models\\User', 8, '[]', NULL, '2022-09-22 14:18:37', '2022-09-22 14:18:37'),
	(1264, 'default', 'Log Out', NULL, NULL, NULL, 'App\\Models\\User', 8, '[]', NULL, '2022-09-22 14:19:27', '2022-09-22 14:19:27'),
	(1266, 'default', 'Login', NULL, NULL, NULL, 'App\\Models\\User', 0, '[]', NULL, '2022-09-22 14:19:38', '2022-09-22 14:19:38'),
	(1268, 'default', 'Log Out', NULL, NULL, NULL, 'App\\Models\\User', 0, '[]', NULL, '2022-09-22 14:40:57', '2022-09-22 14:40:57'),
	(1270, 'default', 'Login', NULL, NULL, NULL, 'App\\Models\\User', 0, '[]', NULL, '2022-09-22 14:41:16', '2022-09-22 14:41:16'),
	(1272, 'default', 'Log Out', NULL, NULL, NULL, 'App\\Models\\User', 0, '[]', NULL, '2022-09-22 14:41:38', '2022-09-22 14:41:38'),
	(1274, 'default', 'Login', NULL, NULL, NULL, 'App\\Models\\User', 8, '[]', NULL, '2022-09-22 14:41:52', '2022-09-22 14:41:52'),
	(1276, 'default', 'Log Out', NULL, NULL, NULL, 'App\\Models\\User', 8, '[]', NULL, '2022-09-22 15:13:56', '2022-09-22 15:13:56'),
	(1278, 'default', 'Login', NULL, NULL, NULL, 'App\\Models\\User', 0, '[]', NULL, '2022-09-22 15:14:14', '2022-09-22 15:14:14'),
	(1280, 'default', 'Log Out', NULL, NULL, NULL, 'App\\Models\\User', 0, '[]', NULL, '2022-09-22 15:34:36', '2022-09-22 15:34:36'),
	(1282, 'default', 'Login', NULL, NULL, NULL, 'App\\Models\\User', 0, '[]', NULL, '2022-09-22 16:34:04', '2022-09-22 16:34:04'),
	(1284, 'default', 'Login', NULL, NULL, NULL, 'App\\Models\\User', 0, '[]', NULL, '2022-09-22 16:39:54', '2022-09-22 16:39:54'),
	(1286, 'default', 'Proses Data Aduan dengan ID = fa3e86c0-0e73-4e39-a1cb-fc92b084b48e', NULL, NULL, NULL, 'App\\Models\\User', 0, '[]', NULL, '2022-09-22 16:42:05', '2022-09-22 16:42:05'),
	(1288, 'default', 'Login', NULL, NULL, NULL, 'App\\Models\\User', 0, '[]', NULL, '2022-09-23 09:16:39', '2022-09-23 09:16:39'),
	(1290, 'default', 'Login', NULL, NULL, NULL, 'App\\Models\\User', 0, '[]', NULL, '2022-09-23 09:48:48', '2022-09-23 09:48:48'),
	(1292, 'default', 'Login', NULL, NULL, NULL, 'App\\Models\\User', 0, '[]', NULL, '2022-09-23 09:50:19', '2022-09-23 09:50:19'),
	(1294, 'default', 'Ubah Data User dengan ID = efbc1902-9694-4074-b039-26b1af174c1b', NULL, NULL, NULL, 'App\\Models\\User', 0, '[]', NULL, '2022-09-23 10:33:32', '2022-09-23 10:33:32'),
	(1296, 'default', 'Proses Data Emergency dengan ID = d8c305dd-540a-4033-aa5f-f81e0e998a58', NULL, NULL, NULL, 'App\\Models\\User', 0, '[]', NULL, '2022-09-23 10:43:19', '2022-09-23 10:43:19'),
	(1298, 'default', 'Login', NULL, NULL, NULL, 'App\\Models\\User', 0, '[]', NULL, '2022-09-23 10:44:04', '2022-09-23 10:44:04'),
	(1300, 'default', 'Laporan Masyarakat dengan ID = d8c305dd-540a-4033-aa5f-f81e0e998a58 Diterima', NULL, NULL, NULL, 'App\\Models\\User', 0, '[]', NULL, '2022-09-23 10:44:07', '2022-09-23 10:44:07'),
	(1302, 'default', 'Laporan Masyarakat dengan ID = d8c305dd-540a-4033-aa5f-f81e0e998a58 Ditolak', NULL, NULL, NULL, 'App\\Models\\User', 0, '[]', NULL, '2022-09-23 10:45:25', '2022-09-23 10:45:25'),
	(1304, 'default', 'Proses Data Emergency dengan ID = 974aa033-9ab3-4f24-a6c8-696bd6f4c618', NULL, NULL, NULL, 'App\\Models\\User', 0, '[]', NULL, '2022-09-23 10:59:47', '2022-09-23 10:59:47'),
	(1306, 'default', 'Log Out', NULL, NULL, NULL, 'App\\Models\\User', 0, '[]', NULL, '2022-09-23 11:21:05', '2022-09-23 11:21:05'),
	(1308, 'default', 'Login', NULL, NULL, NULL, 'App\\Models\\User', 0, '[]', NULL, '2022-09-23 11:22:28', '2022-09-23 11:22:28'),
	(1310, 'default', 'Ubah Data User dengan ID = 6160aecf-6b09-4270-ba70-a888368b8546', NULL, NULL, NULL, 'App\\Models\\User', 0, '[]', NULL, '2022-09-23 11:24:11', '2022-09-23 11:24:11'),
	(1312, 'default', 'Ubah Data User dengan ID = 6160aecf-6b09-4270-ba70-a888368b8546', NULL, NULL, NULL, 'App\\Models\\User', 0, '[]', NULL, '2022-09-23 11:24:34', '2022-09-23 11:24:34'),
	(1314, 'default', 'Log Out', NULL, NULL, NULL, 'App\\Models\\User', 0, '[]', NULL, '2022-09-23 11:24:40', '2022-09-23 11:24:40'),
	(1316, 'default', 'Login', NULL, NULL, NULL, 'App\\Models\\User', 0, '[]', NULL, '2022-09-23 11:24:47', '2022-09-23 11:24:47'),
	(1318, 'default', 'Login', NULL, NULL, NULL, 'App\\Models\\User', 6160, '[]', NULL, '2022-09-23 11:25:18', '2022-09-23 11:25:18'),
	(1320, 'default', 'Ubah Data User dengan ID = 6160aecf-6b09-4270-ba70-a888368b8546', NULL, NULL, NULL, 'App\\Models\\User', 0, '[]', NULL, '2022-09-23 11:26:32', '2022-09-23 11:26:32'),
	(1322, 'default', 'Log Out', NULL, NULL, NULL, 'App\\Models\\User', 0, '[]', NULL, '2022-09-23 11:26:50', '2022-09-23 11:26:50'),
	(1324, 'default', 'Login', NULL, NULL, NULL, 'App\\Models\\User', 6160, '[]', NULL, '2022-09-23 11:27:15', '2022-09-23 11:27:15'),
	(1326, 'default', 'Log Out', NULL, NULL, NULL, 'App\\Models\\User', 0, '[]', NULL, '2022-09-23 11:34:01', '2022-09-23 11:34:01'),
	(1328, 'default', 'Login', NULL, NULL, NULL, 'App\\Models\\User', 0, '[]', NULL, '2022-09-25 13:06:51', '2022-09-25 13:06:51'),
	(1330, 'default', 'Ubah Data Profil dengan ID = a9c5b8f6-41e9-40c2-8b23-0b4b2ff43737', NULL, NULL, NULL, 'App\\Models\\User', 0, '[]', NULL, '2022-09-25 13:07:06', '2022-09-25 13:07:06'),
	(1332, 'default', 'Log Out', NULL, NULL, NULL, 'App\\Models\\User', 0, '[]', NULL, '2022-09-25 13:08:45', '2022-09-25 13:08:45'),
	(1334, 'default', 'Login', NULL, NULL, NULL, 'App\\Models\\User', 0, '[]', NULL, '2022-09-25 13:10:29', '2022-09-25 13:10:29'),
	(1336, 'default', 'Login', NULL, NULL, NULL, 'App\\Models\\User', 0, '[]', NULL, '2022-09-26 09:08:19', '2022-09-26 09:08:19'),
	(1338, 'default', 'Login', NULL, NULL, NULL, 'App\\Models\\User', 0, '[]', NULL, '2022-09-26 10:11:56', '2022-09-26 10:11:56'),
	(1340, 'default', 'Login', NULL, NULL, NULL, 'App\\Models\\User', 0, '[]', NULL, '2022-09-26 18:22:52', '2022-09-26 18:22:52'),
	(1342, 'default', 'Login', NULL, NULL, NULL, 'App\\Models\\User', 0, '[]', NULL, '2022-09-27 08:34:19', '2022-09-27 08:34:19'),
	(1344, 'default', 'Login', NULL, NULL, NULL, 'App\\Models\\User', 0, '[]', NULL, '2022-09-27 14:31:27', '2022-09-27 14:31:27'),
	(1346, 'default', 'Proses Data Emergency dengan ID = 46df276d-a875-4414-893e-f58367a7f284', NULL, NULL, NULL, 'App\\Models\\User', 0, '[]', NULL, '2022-09-27 14:32:44', '2022-09-27 14:32:44'),
	(1348, 'default', 'Login', NULL, NULL, NULL, 'App\\Models\\User', 0, '[]', NULL, '2022-09-27 15:14:34', '2022-09-27 15:14:34'),
	(1350, 'default', 'Tambah Data Menu Akses', NULL, NULL, NULL, 'App\\Models\\User', 0, '[]', NULL, '2022-09-27 15:17:20', '2022-09-27 15:17:20'),
	(1352, 'default', 'Tambah Data Menu Akses', NULL, NULL, NULL, 'App\\Models\\User', 0, '[]', NULL, '2022-09-27 15:17:38', '2022-09-27 15:17:38'),
	(1354, 'default', 'Tambah Data Menu Akses', NULL, NULL, NULL, 'App\\Models\\User', 0, '[]', NULL, '2022-09-27 15:17:59', '2022-09-27 15:17:59'),
	(1356, 'default', 'Tambah Data Menu Akses', NULL, NULL, NULL, 'App\\Models\\User', 0, '[]', NULL, '2022-09-27 15:18:17', '2022-09-27 15:18:17'),
	(1358, 'default', 'Tambah Data User', NULL, NULL, NULL, 'App\\Models\\User', 0, '[]', NULL, '2022-09-27 15:19:11', '2022-09-27 15:19:11'),
	(1360, 'default', 'Login', NULL, NULL, NULL, 'App\\Models\\User', 9051, '[]', NULL, '2022-09-27 15:19:25', '2022-09-27 15:19:25'),
	(1362, 'default', 'Tambah Data Sub Menu Akses', NULL, NULL, NULL, 'App\\Models\\User', 0, '[]', NULL, '2022-09-27 15:19:55', '2022-09-27 15:19:55'),
	(1364, 'default', 'Tambah Data Sub Menu Akses', NULL, NULL, NULL, 'App\\Models\\User', 0, '[]', NULL, '2022-09-27 15:20:08', '2022-09-27 15:20:08'),
	(1366, 'default', 'Tambah Data Sub Menu Akses', NULL, NULL, NULL, 'App\\Models\\User', 0, '[]', NULL, '2022-09-27 15:20:21', '2022-09-27 15:20:21'),
	(1368, 'default', 'Tambah Data Sub Menu Akses', NULL, NULL, NULL, 'App\\Models\\User', 0, '[]', NULL, '2022-09-27 15:20:33', '2022-09-27 15:20:33'),
	(1370, 'default', 'Tambah Data Sub Menu Akses', NULL, NULL, NULL, 'App\\Models\\User', 0, '[]', NULL, '2022-09-27 15:20:47', '2022-09-27 15:20:47'),
	(1372, 'default', 'Tambah Data User', NULL, NULL, NULL, 'App\\Models\\User', 0, '[]', NULL, '2022-09-27 16:08:26', '2022-09-27 16:08:26'),
	(1374, 'default', 'Tambah Data User', NULL, NULL, NULL, 'App\\Models\\User', 0, '[]', NULL, '2022-09-27 16:08:49', '2022-09-27 16:08:49'),
	(1376, 'default', 'Login', NULL, NULL, NULL, 'App\\Models\\User', 9051, '[]', NULL, '2022-09-28 08:49:39', '2022-09-28 08:49:39'),
	(1378, 'default', 'Login', NULL, NULL, NULL, 'App\\Models\\User', 0, '[]', NULL, '2022-09-28 14:35:19', '2022-09-28 14:35:19'),
	(1380, 'default', 'Login', NULL, NULL, NULL, 'App\\Models\\User', 9051, '[]', NULL, '2022-09-29 11:54:36', '2022-09-29 11:54:36'),
	(1382, 'default', 'Login', NULL, NULL, NULL, 'App\\Models\\User', 9051, '[]', NULL, '2022-09-29 11:56:32', '2022-09-29 11:56:32'),
	(1384, 'default', 'Log Out', NULL, NULL, NULL, 'App\\Models\\User', 9051, '[]', NULL, '2022-09-29 12:01:07', '2022-09-29 12:01:07'),
	(1386, 'default', 'Login', NULL, NULL, NULL, 'App\\Models\\User', 0, '[]', NULL, '2022-09-29 12:01:15', '2022-09-29 12:01:15'),
	(1388, 'default', 'Log Out', NULL, NULL, NULL, 'App\\Models\\User', 9051, '[]', NULL, '2022-09-29 13:03:55', '2022-09-29 13:03:55'),
	(1390, 'default', 'Tambah Data Aduan', NULL, NULL, NULL, 'App\\Models\\User', 0, '[]', NULL, '2022-09-29 14:22:55', '2022-09-29 14:22:55'),
	(1392, 'default', 'Ubah Data User dengan ID = e03fa048-7025-4412-aed9-b31a57bdd434', NULL, NULL, NULL, 'App\\Models\\User', 0, '[]', NULL, '2022-09-29 15:23:14', '2022-09-29 15:23:14'),
	(1394, 'default', 'Ubah Data User dengan ID = e03fa048-7025-4412-aed9-b31a57bdd434', NULL, NULL, NULL, 'App\\Models\\User', 0, '[]', NULL, '2022-09-29 15:23:26', '2022-09-29 15:23:26'),
	(1396, 'default', 'Login', NULL, NULL, NULL, 'App\\Models\\User', 0, '[]', NULL, '2022-09-29 15:23:35', '2022-09-29 15:23:35'),
	(1398, 'default', 'Log Out', NULL, NULL, NULL, 'App\\Models\\User', 0, '[]', NULL, '2022-09-29 15:48:06', '2022-09-29 15:48:06'),
	(1400, 'default', 'Tambah Data Subdistrict', NULL, NULL, NULL, 'App\\Models\\User', 0, '[]', NULL, '2022-09-29 15:48:28', '2022-09-29 15:48:28'),
	(1402, 'default', 'Tambah Data Kelurahan', NULL, NULL, NULL, 'App\\Models\\User', 0, '[]', NULL, '2022-09-29 15:48:43', '2022-09-29 15:48:43'),
	(1404, 'default', 'Ubah Data Kelurahan dengan ID = 50', NULL, NULL, NULL, 'App\\Models\\User', 0, '[]', NULL, '2022-09-29 15:49:08', '2022-09-29 15:49:08'),
	(1406, 'default', 'Hapus Data Kelurahan dengan ID = 50', NULL, NULL, NULL, 'App\\Models\\User', 0, '[]', NULL, '2022-09-29 15:49:12', '2022-09-29 15:49:12'),
	(1408, 'default', 'Ubah Data Subdistrict dengan ID = 14', NULL, NULL, NULL, 'App\\Models\\User', 0, '[]', NULL, '2022-09-29 15:49:19', '2022-09-29 15:49:19'),
	(1410, 'default', 'Hapus Data Subdistrict dengan ID = 14', NULL, NULL, NULL, 'App\\Models\\User', 0, '[]', NULL, '2022-09-29 15:49:22', '2022-09-29 15:49:22'),
	(1412, 'default', 'Login', NULL, NULL, NULL, 'App\\Models\\User', 0, '[]', NULL, '2022-09-30 09:16:49', '2022-09-30 09:16:49'),
	(1414, 'default', 'Login', NULL, NULL, NULL, 'App\\Models\\User', 0, '[]', NULL, '2022-09-30 09:26:41', '2022-09-30 09:26:41'),
	(1416, 'default', 'Ubah Data User dengan ID = 6160aecf-6b09-4270-ba70-a888368b8546', NULL, NULL, NULL, 'App\\Models\\User', 0, '[]', NULL, '2022-09-30 09:27:27', '2022-09-30 09:27:27'),
	(1418, 'default', 'Laporan Masyarakat dengan ID = 0edcdc67-c224-4962-babe-ea7f451ede42 Diterima', NULL, NULL, NULL, 'App\\Models\\User', 0, '[]', NULL, '2022-09-30 09:27:31', '2022-09-30 09:27:31'),
	(1420, 'default', 'Laporan Masyarakat dengan ID = 0edcdc67-c224-4962-babe-ea7f451ede42 Ditolak', NULL, NULL, NULL, 'App\\Models\\User', 0, '[]', NULL, '2022-09-30 09:27:37', '2022-09-30 09:27:37'),
	(1422, 'default', 'Login', NULL, NULL, NULL, 'App\\Models\\User', 6160, '[]', NULL, '2022-09-30 09:31:03', '2022-09-30 09:31:03'),
	(1424, 'default', 'Login', NULL, NULL, NULL, 'App\\Models\\User', 0, '[]', NULL, '2022-09-30 09:35:13', '2022-09-30 09:35:13'),
	(1426, 'default', 'Ubah Data User dengan ID = 244fce6a-c245-4c9e-90a2-f9616aa75ac1', NULL, NULL, NULL, 'App\\Models\\User', 0, '[]', NULL, '2022-09-30 09:36:09', '2022-09-30 09:36:09'),
	(1428, 'default', 'Proses Data Emergency dengan ID = 15f433d7-2a1c-4f24-874c-2af1e018f2d7', NULL, NULL, NULL, 'App\\Models\\User', 6160, '[]', NULL, '2022-09-30 09:41:28', '2022-09-30 09:41:28'),
	(1430, 'default', 'Hapus Data User dengan ID = faffb2bf-6b55-402b-b607-9188b470df48', NULL, NULL, NULL, 'App\\Models\\User', 0, '[]', NULL, '2022-09-30 10:12:36', '2022-09-30 10:12:36'),
	(1432, 'default', 'Laporan Masyarakat dengan ID = 974aa033-9ab3-4f24-a6c8-696bd6f4c618 Diterima', NULL, NULL, NULL, 'App\\Models\\User', 0, '[]', NULL, '2022-09-30 10:16:13', '2022-09-30 10:16:13'),
	(1434, 'default', 'Laporan Masyarakat dengan ID = 974aa033-9ab3-4f24-a6c8-696bd6f4c618 Ditolak', NULL, NULL, NULL, 'App\\Models\\User', 0, '[]', NULL, '2022-09-30 10:16:17', '2022-09-30 10:16:17'),
	(1436, 'default', 'Tambah Data Aduan', NULL, NULL, NULL, 'App\\Models\\User', 6160, '[]', NULL, '2022-09-30 10:16:49', '2022-09-30 10:16:49'),
	(1438, 'default', 'Login', NULL, NULL, NULL, 'App\\Models\\User', 0, '[]', NULL, '2022-09-30 10:23:36', '2022-09-30 10:23:36'),
	(1440, 'default', 'Proses Data Aduan dengan ID = 4cdeadd3-0c3e-4bdd-b15e-2302b96fcd27', NULL, NULL, NULL, 'App\\Models\\User', 6160, '[]', NULL, '2022-09-30 10:31:29', '2022-09-30 10:31:29'),
	(1442, 'default', 'Proses Data Aduan dengan ID = 4cdeadd3-0c3e-4bdd-b15e-2302b96fcd27', NULL, NULL, NULL, 'App\\Models\\User', 0, '[]', NULL, '2022-09-30 10:54:42', '2022-09-30 10:54:42'),
	(1444, 'default', 'Tambah Data Aduan', NULL, NULL, NULL, 'App\\Models\\User', 6160, '[]', NULL, '2022-09-30 11:00:54', '2022-09-30 11:00:54'),
	(1446, 'default', 'Tambah Data Aduan', NULL, NULL, NULL, 'App\\Models\\User', 6160, '[]', NULL, '2022-09-30 11:13:06', '2022-09-30 11:13:06'),
	(1448, 'default', 'Tambah Data Aduan', NULL, NULL, NULL, 'App\\Models\\User', 6160, '[]', NULL, '2022-09-30 11:39:01', '2022-09-30 11:39:01'),
	(1450, 'default', 'Proses Data Aduan dengan ID = 5b850b2f-9efa-44fe-a526-7ac924525d3a', NULL, NULL, NULL, 'App\\Models\\User', 6160, '[]', NULL, '2022-09-30 11:49:42', '2022-09-30 11:49:42'),
	(1452, 'default', 'Ubah Data User dengan ID = d5643b0f-29f4-4b56-a917-5f3c5514b62c', NULL, NULL, NULL, 'App\\Models\\User', 0, '[]', NULL, '2022-09-30 14:29:46', '2022-09-30 14:29:46'),
	(1454, 'default', 'Tambah Data Aduan', NULL, NULL, NULL, 'App\\Models\\User', 0, '[]', NULL, '2022-09-30 14:44:14', '2022-09-30 14:44:14'),
	(1456, 'default', 'Ubah Data Aduan dengan ID = 662c92c9-5beb-49d2-a71d-cddf9a8d3b0a', NULL, NULL, NULL, 'App\\Models\\User', 0, '[]', NULL, '2022-09-30 14:45:47', '2022-09-30 14:45:47'),
	(1458, 'default', 'Ubah Data Aduan dengan ID = 90af5426-4270-4ccd-8059-e9a740a11b6e', NULL, NULL, NULL, 'App\\Models\\User', 0, '[]', NULL, '2022-09-30 14:46:01', '2022-09-30 14:46:01'),
	(1460, 'default', 'Ubah Data Aduan dengan ID = bbc5709c-7dd2-4562-8cf0-37065890dcc6', NULL, NULL, NULL, 'App\\Models\\User', 0, '[]', NULL, '2022-09-30 14:46:10', '2022-09-30 14:46:10'),
	(1462, 'default', 'Ubah Data Aduan dengan ID = 51ac67f4-f3b7-45f4-b990-a5cbb6d75193', NULL, NULL, NULL, 'App\\Models\\User', 0, '[]', NULL, '2022-09-30 14:46:16', '2022-09-30 14:46:16'),
	(1464, 'default', 'Ubah Data Aduan dengan ID = f57afec1-5f51-4123-851c-3bb41a48ac4f', NULL, NULL, NULL, 'App\\Models\\User', 0, '[]', NULL, '2022-09-30 14:46:27', '2022-09-30 14:46:27'),
	(1466, 'default', 'Ubah Data Aduan dengan ID = e94e7e90-2efb-4c96-afc2-09b3775ea4a9', NULL, NULL, NULL, 'App\\Models\\User', 0, '[]', NULL, '2022-09-30 14:46:32', '2022-09-30 14:46:32'),
	(1468, 'default', 'Ubah Data Aduan dengan ID = 4cdeadd3-0c3e-4bdd-b15e-2302b96fcd27', NULL, NULL, NULL, 'App\\Models\\User', 0, '[]', NULL, '2022-09-30 14:46:37', '2022-09-30 14:46:37'),
	(1470, 'default', 'Ubah Data Aduan dengan ID = 81d60d09-7e33-4923-97bc-15a934a9ec2d', NULL, NULL, NULL, 'App\\Models\\User', 0, '[]', NULL, '2022-09-30 14:46:44', '2022-09-30 14:46:44'),
	(1472, 'default', 'Ubah Data Aduan dengan ID = ce88031c-4698-4ed6-b7d9-bba906edf331', NULL, NULL, NULL, 'App\\Models\\User', 0, '[]', NULL, '2022-09-30 14:46:49', '2022-09-30 14:46:49'),
	(1474, 'default', 'Ubah Data Aduan dengan ID = 14f323e9-14a7-439b-a904-f26054f2fc40', NULL, NULL, NULL, 'App\\Models\\User', 0, '[]', NULL, '2022-09-30 14:46:57', '2022-09-30 14:46:57'),
	(1476, 'default', 'Ubah Data Aduan dengan ID = 9eee79d6-4da3-434b-b85f-58e272cf7efe', NULL, NULL, NULL, 'App\\Models\\User', 0, '[]', NULL, '2022-09-30 14:47:02', '2022-09-30 14:47:02'),
	(1478, 'default', 'Ubah Data Aduan dengan ID = 4b83acd1-457e-41a4-8bac-b74839648a29', NULL, NULL, NULL, 'App\\Models\\User', 0, '[]', NULL, '2022-09-30 14:47:07', '2022-09-30 14:47:07'),
	(1480, 'default', 'Ubah Data Aduan dengan ID = bd44be82-9742-4a64-ad88-8a304188f741', NULL, NULL, NULL, 'App\\Models\\User', 0, '[]', NULL, '2022-09-30 14:47:13', '2022-09-30 14:47:13'),
	(1482, 'default', 'Ubah Data Aduan dengan ID = 3ec36aac-1b12-457c-b052-5a92d1427e6a', NULL, NULL, NULL, 'App\\Models\\User', 0, '[]', NULL, '2022-09-30 14:47:19', '2022-09-30 14:47:19'),
	(1484, 'default', 'Ubah Data Aduan dengan ID = 14ea3fac-9a0e-448c-ac00-63e58b33965b', NULL, NULL, NULL, 'App\\Models\\User', 0, '[]', NULL, '2022-09-30 14:47:23', '2022-09-30 14:47:23'),
	(1486, 'default', 'Ubah Data Aduan dengan ID = ac1cda3b-ba0d-4688-9fc3-df061311e733', NULL, NULL, NULL, 'App\\Models\\User', 0, '[]', NULL, '2022-09-30 14:47:29', '2022-09-30 14:47:29'),
	(1488, 'default', 'Tambah Data Aduan', NULL, NULL, NULL, 'App\\Models\\User', 0, '[]', NULL, '2022-09-30 14:48:50', '2022-09-30 14:48:50'),
	(1490, 'default', 'Tambah Data Aduan', NULL, NULL, NULL, 'App\\Models\\User', 0, '[]', NULL, '2022-09-30 14:56:55', '2022-09-30 14:56:55'),
	(1492, 'default', 'Login', NULL, NULL, NULL, 'App\\Models\\User', 0, '[]', NULL, '2022-09-30 14:58:55', '2022-09-30 14:58:55'),
	(1494, 'default', 'Tambah Data Aduan', NULL, NULL, NULL, 'App\\Models\\User', 0, '[]', NULL, '2022-09-30 15:08:04', '2022-09-30 15:08:04'),
	(1496, 'default', 'Tambah Data Aduan', NULL, NULL, NULL, 'App\\Models\\User', 0, '[]', NULL, '2022-09-30 15:26:14', '2022-09-30 15:26:14'),
	(1497, 'default', 'Login', NULL, NULL, NULL, 'App\\Models\\User', 0, '[]', NULL, '2022-10-01 14:54:41', '2022-10-01 14:54:41'),
	(1498, 'default', 'Login', NULL, NULL, NULL, 'App\\Models\\User', 0, '[]', NULL, '2022-10-01 15:01:25', '2022-10-01 15:01:25'),
	(1499, 'default', 'Tambah Data Announcement', NULL, NULL, NULL, 'App\\Models\\User', 0, '[]', NULL, '2022-10-01 15:14:19', '2022-10-01 15:14:19'),
	(1500, 'default', 'Ubah Data Kategory dengan ID = 7', NULL, NULL, NULL, 'App\\Models\\User', 0, '[]', NULL, '2022-10-01 15:16:51', '2022-10-01 15:16:51'),
	(1501, 'default', 'Ubah Data Kategory dengan ID = 7', NULL, NULL, NULL, 'App\\Models\\User', 0, '[]', NULL, '2022-10-01 15:17:05', '2022-10-01 15:17:05'),
	(1502, 'default', 'Ubah Data Kategory dengan ID = 7', NULL, NULL, NULL, 'App\\Models\\User', 0, '[]', NULL, '2022-10-01 15:18:19', '2022-10-01 15:18:19'),
	(1503, 'default', 'Ubah Data Kategory dengan ID = 7', NULL, NULL, NULL, 'App\\Models\\User', 0, '[]', NULL, '2022-10-01 15:18:47', '2022-10-01 15:18:47'),
	(1504, 'default', 'Login', NULL, NULL, NULL, 'App\\Models\\User', 0, '[]', NULL, '2022-10-02 00:50:50', '2022-10-02 00:50:50'),
	(1505, 'default', 'Proses Data Emergency dengan ID = f14ed3e7-10e8-4dc3-a924-9a0fb098b1be', NULL, NULL, NULL, 'App\\Models\\User', 0, '[]', NULL, '2022-10-02 01:12:28', '2022-10-02 01:12:28'),
	(1506, 'default', 'Laporan Masyarakat dengan ID = f14ed3e7-10e8-4dc3-a924-9a0fb098b1be Diterima', NULL, NULL, NULL, 'App\\Models\\User', 0, '[]', NULL, '2022-10-02 01:49:08', '2022-10-02 01:49:08'),
	(1507, 'default', 'Login', NULL, NULL, NULL, 'App\\Models\\User', 0, '[]', NULL, '2022-10-02 07:37:50', '2022-10-02 07:37:50'),
	(1508, 'default', 'Proses Data Aduan dengan ID = cfcb4a90-2466-4d37-a041-a67eda6d4c3d', NULL, NULL, NULL, 'App\\Models\\User', 0, '[]', NULL, '2022-10-02 08:16:21', '2022-10-02 08:16:21'),
	(1509, 'default', 'Laporan Masyarakat dengan ID = cfcb4a90-2466-4d37-a041-a67eda6d4c3d Ditolak', NULL, NULL, NULL, 'App\\Models\\User', 0, '[]', NULL, '2022-10-02 08:22:28', '2022-10-02 08:22:28'),
	(1510, 'default', 'Proses Data Aduan dengan ID = cfcb4a90-2466-4d37-a041-a67eda6d4c3d', NULL, NULL, NULL, 'App\\Models\\User', 0, '[]', NULL, '2022-10-02 08:23:16', '2022-10-02 08:23:16'),
	(1511, 'default', 'Laporan Masyarakat dengan ID = cfcb4a90-2466-4d37-a041-a67eda6d4c3d Ditolak', NULL, NULL, NULL, 'App\\Models\\User', 0, '[]', NULL, '2022-10-02 08:26:55', '2022-10-02 08:26:55'),
	(1512, 'default', 'Login', NULL, NULL, NULL, 'App\\Models\\User', 0, '[]', NULL, '2022-10-02 19:58:34', '2022-10-02 19:58:34'),
	(1513, 'default', 'Tambah Data Unit', NULL, NULL, NULL, 'App\\Models\\User', 0, '[]', NULL, '2022-10-02 20:39:45', '2022-10-02 20:39:45'),
	(1514, 'default', 'Ubah Data Kategory dengan ID = 20', NULL, NULL, NULL, 'App\\Models\\User', 0, '[]', NULL, '2022-10-02 20:42:49', '2022-10-02 20:42:49'),
	(1515, 'default', 'Ubah Data Kategory dengan ID = 20', NULL, NULL, NULL, 'App\\Models\\User', 0, '[]', NULL, '2022-10-02 20:43:01', '2022-10-02 20:43:01'),
	(1516, 'default', 'Login', NULL, NULL, NULL, 'App\\Models\\User', 0, '[]', NULL, '2022-10-03 17:59:47', '2022-10-03 17:59:47'),
	(1517, 'default', 'Login', NULL, NULL, NULL, 'App\\Models\\User', 0, '[]', NULL, '2022-10-04 07:34:52', '2022-10-04 07:34:52'),
	(1518, 'default', 'Login', NULL, NULL, NULL, 'App\\Models\\User', 0, '[]', NULL, '2022-10-04 11:24:00', '2022-10-04 11:24:00'),
	(1519, 'default', 'Ubah Data Pengaturan', NULL, NULL, NULL, 'App\\Models\\User', 0, '[]', NULL, '2022-10-04 11:32:59', '2022-10-04 11:32:59'),
	(1520, 'default', 'Tambah Data Officer', NULL, NULL, NULL, 'App\\Models\\User', 0, '[]', NULL, '2022-10-04 14:42:02', '2022-10-04 14:42:02'),
	(1521, 'default', 'Login', NULL, NULL, NULL, 'App\\Models\\User', 0, '[]', NULL, '2022-10-05 14:28:10', '2022-10-05 14:28:10'),
	(1522, 'default', 'Ubah Data Profil dengan ID = da8248ec-1414-43f4-95c0-eb944cb7b168', NULL, NULL, NULL, 'App\\Models\\User', 0, '[]', NULL, '2022-10-05 15:15:33', '2022-10-05 15:15:33'),
	(1523, 'default', 'Ubah Data Officer dengan ID = 3', NULL, NULL, NULL, 'App\\Models\\User', 0, '[]', NULL, '2022-10-05 15:41:11', '2022-10-05 15:41:11'),
	(1524, 'default', 'Login', NULL, NULL, NULL, 'App\\Models\\User', 0, '[]', NULL, '2022-10-06 18:03:45', '2022-10-06 18:03:45'),
	(1525, 'default', 'Login', NULL, NULL, NULL, 'App\\Models\\User', 0, '[]', NULL, '2022-10-06 20:47:44', '2022-10-06 20:47:44'),
	(1526, 'default', 'Login', NULL, NULL, NULL, 'App\\Models\\User', 0, '[]', NULL, '2022-10-06 23:00:25', '2022-10-06 23:00:25'),
	(1527, 'default', 'Login', NULL, NULL, NULL, 'App\\Models\\User', 0, '[]', NULL, '2022-10-06 23:01:34', '2022-10-06 23:01:34'),
	(1528, 'default', 'Login', NULL, NULL, NULL, 'App\\Models\\User', 0, '[]', NULL, '2022-10-07 15:46:49', '2022-10-07 15:46:49'),
	(1529, 'default', 'Proses Data Aduan dengan ID = cfcb4a90-2466-4d37-a041-a67eda6d4c3d', NULL, NULL, NULL, 'App\\Models\\User', 0, '[]', NULL, '2022-10-07 17:11:29', '2022-10-07 17:11:29'),
	(1530, 'default', 'Ubah Data Pengaturan', NULL, NULL, NULL, 'App\\Models\\User', 0, '[]', NULL, '2022-10-07 17:58:55', '2022-10-07 17:58:55'),
	(1531, 'default', 'Login', NULL, NULL, NULL, 'App\\Models\\User', 0, '[]', NULL, '2022-10-10 10:50:13', '2022-10-10 10:50:13'),
	(1532, 'default', 'Proses Data Emergency dengan ID = 493dd71b-3170-4e6b-96da-17f2a7e03dea', NULL, NULL, NULL, 'App\\Models\\User', 0, '[]', NULL, '2022-10-10 11:09:43', '2022-10-10 11:09:43'),
	(1533, 'default', 'Proses Data Emergency dengan ID = 493dd71b-3170-4e6b-96da-17f2a7e03dea', NULL, NULL, NULL, 'App\\Models\\User', 0, '[]', NULL, '2022-10-10 11:20:36', '2022-10-10 11:20:36'),
	(1534, 'default', 'Login', NULL, NULL, NULL, 'App\\Models\\User', 0, '[]', NULL, '2022-10-13 10:45:57', '2022-10-13 10:45:57'),
	(1535, 'default', 'Login', NULL, NULL, NULL, 'App\\Models\\User', 0, '[]', NULL, '2022-10-14 14:39:50', '2022-10-14 14:39:50'),
	(1536, 'default', 'Login', NULL, NULL, NULL, 'App\\Models\\User', 0, '[]', NULL, '2022-10-14 14:44:15', '2022-10-14 14:44:15'),
	(1537, 'default', 'Ubah Data Kategory dengan ID = 20', NULL, NULL, NULL, 'App\\Models\\User', 0, '[]', NULL, '2022-10-14 14:44:31', '2022-10-14 14:44:31'),
	(1538, 'default', 'Login', NULL, NULL, NULL, 'App\\Models\\User', 0, '[]', NULL, '2022-10-19 16:36:31', '2022-10-19 16:36:31'),
	(1539, 'default', 'Login', NULL, NULL, NULL, 'App\\Models\\User', 0, '[]', NULL, '2022-10-19 21:22:56', '2022-10-19 21:22:56'),
	(1540, 'default', 'Login', NULL, NULL, NULL, 'App\\Models\\User', 0, '[]', NULL, '2022-10-24 14:10:29', '2022-10-24 14:10:29'),
	(1541, 'default', 'Login', NULL, NULL, NULL, 'App\\Models\\User', 0, '[]', NULL, '2022-10-28 10:32:32', '2022-10-28 10:32:32'),
	(1542, 'default', 'Ubah Data User dengan ID = b5b33b83-a439-40a9-9fb5-a0216d27a636', NULL, NULL, NULL, 'App\\Models\\User', 0, '[]', NULL, '2022-10-28 10:33:28', '2022-10-28 10:33:28'),
	(1543, 'default', 'Login', NULL, NULL, NULL, 'App\\Models\\User', 0, '[]', NULL, '2022-11-03 18:20:16', '2022-11-03 18:20:16'),
	(1544, 'default', 'Hapus Data User dengan ID = faffb2bf-6b55-402b-b607-9188b470df48', NULL, NULL, NULL, 'App\\Models\\User', 0, '[]', NULL, '2022-11-03 19:48:27', '2022-11-03 19:48:27'),
	(1545, 'default', 'Kembalikan Data User dengan ID = faffb2bf-6b55-402b-b607-9188b470df48', NULL, NULL, NULL, 'App\\Models\\User', 0, '[]', NULL, '2022-11-03 19:49:53', '2022-11-03 19:49:53'),
	(1546, 'default', 'Hapus Sementara Data User dengan ID = faffb2bf-6b55-402b-b607-9188b470df48', NULL, NULL, NULL, 'App\\Models\\User', 0, '[]', NULL, '2022-11-03 19:55:33', '2022-11-03 19:55:33'),
	(1547, 'default', 'Kembalikan Data User dengan ID = faffb2bf-6b55-402b-b607-9188b470df48', NULL, NULL, NULL, 'App\\Models\\User', 0, '[]', NULL, '2022-11-03 19:55:39', '2022-11-03 19:55:39'),
	(1548, 'default', 'Hapus Sementara Data User dengan ID = faffb2bf-6b55-402b-b607-9188b470df48', NULL, NULL, NULL, 'App\\Models\\User', 0, '[]', NULL, '2022-11-03 19:57:34', '2022-11-03 19:57:34'),
	(1549, 'default', 'Kembalikan Data User dengan ID = faffb2bf-6b55-402b-b607-9188b470df48', NULL, NULL, NULL, 'App\\Models\\User', 0, '[]', NULL, '2022-11-03 19:58:53', '2022-11-03 19:58:53'),
	(1550, 'default', 'Hapus Sementara Data User dengan ID = faffb2bf-6b55-402b-b607-9188b470df48', NULL, NULL, NULL, 'App\\Models\\User', 0, '[]', NULL, '2022-11-03 19:58:57', '2022-11-03 19:58:57'),
	(1551, 'default', 'Hapus Permanen Data User dengan ID = faffb2bf-6b55-402b-b607-9188b470df48', NULL, NULL, NULL, 'App\\Models\\User', 0, '[]', NULL, '2022-11-03 19:59:25', '2022-11-03 19:59:25'),
	(1552, 'default', 'Hapus Sementara Data User dengan ID = efbc1902-9694-4074-b039-26b1af174c1b', NULL, NULL, NULL, 'App\\Models\\User', 0, '[]', NULL, '2022-11-03 19:59:55', '2022-11-03 19:59:55'),
	(1553, 'default', 'Login', NULL, NULL, NULL, 'App\\Models\\User', 0, '[]', NULL, '2022-11-09 13:30:17', '2022-11-09 13:30:17'),
	(1554, 'default', 'Tambah Data Officer', NULL, NULL, NULL, 'App\\Models\\User', 0, '[]', NULL, '2022-11-09 13:32:40', '2022-11-09 13:32:40'),
	(1555, 'default', 'Ubah Data User dengan ID = 9a429e59-4fa7-4728-be10-7a455ace252f', NULL, NULL, NULL, 'App\\Models\\User', 0, '[]', NULL, '2022-11-09 13:37:20', '2022-11-09 13:37:20'),
	(1556, 'default', 'Ubah Data Officer dengan ID = 6', NULL, NULL, NULL, 'App\\Models\\User', 0, '[]', NULL, '2022-11-09 13:40:48', '2022-11-09 13:40:48'),
	(1557, 'default', 'Ubah Data Officer dengan ID = 6', NULL, NULL, NULL, 'App\\Models\\User', 0, '[]', NULL, '2022-11-09 13:41:04', '2022-11-09 13:41:04'),
	(1558, 'default', 'Ubah Data Officer dengan ID = 7', NULL, NULL, NULL, 'App\\Models\\User', 0, '[]', NULL, '2022-11-09 13:41:13', '2022-11-09 13:41:13'),
	(1559, 'default', 'Ubah Data Officer dengan ID = 8', NULL, NULL, NULL, 'App\\Models\\User', 0, '[]', NULL, '2022-11-09 13:41:28', '2022-11-09 13:41:28'),
	(1560, 'default', 'Ubah Data Officer dengan ID = 8', NULL, NULL, NULL, 'App\\Models\\User', 0, '[]', NULL, '2022-11-09 13:44:39', '2022-11-09 13:44:39'),
	(1561, 'default', 'Ubah Data Officer dengan ID = 7', NULL, NULL, NULL, 'App\\Models\\User', 0, '[]', NULL, '2022-11-09 13:44:44', '2022-11-09 13:44:44'),
	(1562, 'default', 'Proses Data Emergency dengan ID = 4ade43d5-cec3-4d1d-9666-c5c047a1a7cb', NULL, NULL, NULL, 'App\\Models\\User', 0, '[]', NULL, '2022-11-09 13:45:03', '2022-11-09 13:45:03'),
	(1563, 'default', 'Ubah Data Officer dengan ID = 6', NULL, NULL, NULL, 'App\\Models\\User', 0, '[]', NULL, '2022-11-09 14:38:43', '2022-11-09 14:38:43'),
	(1564, 'default', 'Proses Data Emergency dengan ID = 4ade43d5-cec3-4d1d-9666-c5c047a1a7cb', NULL, NULL, NULL, 'App\\Models\\User', 0, '[]', NULL, '2022-11-09 14:38:54', '2022-11-09 14:38:54'),
	(1565, 'default', 'Proses Data Emergency dengan ID = f6f2caf3-7726-4fd5-853b-aa7aae4898f3', NULL, NULL, NULL, 'App\\Models\\User', 0, '[]', NULL, '2022-11-09 14:43:51', '2022-11-09 14:43:51'),
	(1566, 'default', 'Proses Data Emergency dengan ID = f6f2caf3-7726-4fd5-853b-aa7aae4898f3', NULL, NULL, NULL, 'App\\Models\\User', 0, '[]', NULL, '2022-11-09 14:46:18', '2022-11-09 14:46:18'),
	(1567, 'default', 'Proses Data Emergency dengan ID = f6f2caf3-7726-4fd5-853b-aa7aae4898f3', NULL, NULL, NULL, 'App\\Models\\User', 0, '[]', NULL, '2022-11-09 15:09:35', '2022-11-09 15:09:35'),
	(1568, 'default', 'Proses Data Emergency dengan ID = f6f2caf3-7726-4fd5-853b-aa7aae4898f3', NULL, NULL, NULL, 'App\\Models\\User', 0, '[]', NULL, '2022-11-09 15:11:07', '2022-11-09 15:11:07'),
	(1569, 'default', 'Proses Data Aduan dengan ID = 9f30109d-f459-47b1-8a59-8767d987cdb1', NULL, NULL, NULL, 'App\\Models\\User', 0, '[]', NULL, '2022-11-09 15:22:23', '2022-11-09 15:22:23'),
	(1570, 'default', 'Proses Data Aduan dengan ID = 9f30109d-f459-47b1-8a59-8767d987cdb1', NULL, NULL, NULL, 'App\\Models\\User', 0, '[]', NULL, '2022-11-09 15:25:51', '2022-11-09 15:25:51'),
	(1571, 'default', 'Proses Data Emergency dengan ID = 186fefdf-1f71-46c5-9550-469c806ecfb0', NULL, NULL, NULL, 'App\\Models\\User', 0, '[]', NULL, '2022-11-09 15:34:58', '2022-11-09 15:34:58'),
	(1572, 'default', 'Login', NULL, NULL, NULL, 'App\\Models\\User', 0, '[]', NULL, '2022-11-09 15:58:20', '2022-11-09 15:58:20'),
	(1573, 'default', 'Login', NULL, NULL, NULL, 'App\\Models\\User', 0, '[]', NULL, '2022-11-10 10:38:25', '2022-11-10 10:38:25'),
	(1574, 'default', 'Hapus Data Ambulance dengan ID = 2', NULL, NULL, NULL, 'App\\Models\\User', 0, '[]', NULL, '2022-11-10 10:43:53', '2022-11-10 10:43:53'),
	(1575, 'default', 'Tambah Data Ambulance', NULL, NULL, NULL, 'App\\Models\\User', 0, '[]', NULL, '2022-11-10 10:45:52', '2022-11-10 10:45:52'),
	(1576, 'default', 'Tambah Data Ambulance', NULL, NULL, NULL, 'App\\Models\\User', 0, '[]', NULL, '2022-11-10 10:46:12', '2022-11-10 10:46:12'),
	(1577, 'default', 'Ubah Data Ambulance dengan ID = 4', NULL, NULL, NULL, 'App\\Models\\User', 0, '[]', NULL, '2022-11-10 10:49:49', '2022-11-10 10:49:49'),
	(1578, 'default', 'Ubah Data Ambulance dengan ID = 5', NULL, NULL, NULL, 'App\\Models\\User', 0, '[]', NULL, '2022-11-10 10:50:00', '2022-11-10 10:50:00'),
	(1579, 'default', 'Ubah Data Ambulance dengan ID = 4', NULL, NULL, NULL, 'App\\Models\\User', 0, '[]', NULL, '2022-11-10 10:52:52', '2022-11-10 10:52:52'),
	(1580, 'default', 'Ubah Data Ambulance dengan ID = 4', NULL, NULL, NULL, 'App\\Models\\User', 0, '[]', NULL, '2022-11-10 10:52:58', '2022-11-10 10:52:58'),
	(1581, 'default', 'Ubah Data Ambulance dengan ID = 4', NULL, NULL, NULL, 'App\\Models\\User', 0, '[]', NULL, '2022-11-10 10:53:03', '2022-11-10 10:53:03');
/*!40000 ALTER TABLE `activity_log` ENABLE KEYS */;

-- membuang struktur untuk table db_psc_119.ambulances
CREATE TABLE IF NOT EXISTS `ambulances` (
  `id` int(10) unsigned NOT NULL AUTO_INCREMENT,
  `police_number` varchar(100) COLLATE utf8mb4_unicode_ci DEFAULT NULL,
  `officer_id` int(10) unsigned NOT NULL,
  `unit_id` int(10) unsigned NOT NULL,
  `created_at` timestamp NULL DEFAULT NULL,
  `updated_at` timestamp NULL DEFAULT NULL,
  PRIMARY KEY (`id`),
  KEY `ambulances_officer_id_foreign` (`officer_id`),
  KEY `ambulances_unit_id_foreign` (`unit_id`),
  CONSTRAINT `ambulances_officer_id_foreign` FOREIGN KEY (`officer_id`) REFERENCES `officers` (`id`),
  CONSTRAINT `ambulances_unit_id_foreign` FOREIGN KEY (`unit_id`) REFERENCES `units` (`id`)
) ENGINE=InnoDB AUTO_INCREMENT=6 DEFAULT CHARSET=utf8mb4 COLLATE=utf8mb4_unicode_ci;

-- Membuang data untuk tabel db_psc_119.ambulances: ~1 rows (lebih kurang)
/*!40000 ALTER TABLE `ambulances` DISABLE KEYS */;
INSERT INTO `ambulances` (`id`, `police_number`, `officer_id`, `unit_id`, `created_at`, `updated_at`) VALUES
	(3, 'DT 1243 G', 4, 3, '2022-09-09 11:43:38', '2022-09-14 17:04:36'),
	(4, 'DT 1234 PF', 7, 12, '2022-11-10 10:45:52', '2022-11-10 10:53:03'),
	(5, 'DT 1255 PF', 8, 12, '2022-11-10 10:46:12', '2022-11-10 10:50:00');
/*!40000 ALTER TABLE `ambulances` ENABLE KEYS */;

-- membuang struktur untuk table db_psc_119.announcements
CREATE TABLE IF NOT EXISTS `announcements` (
  `id` int(10) unsigned NOT NULL AUTO_INCREMENT,
  `title` varchar(100) COLLATE utf8mb4_unicode_ci DEFAULT NULL,
  `text` text COLLATE utf8mb4_unicode_ci,
  `image` varchar(100) COLLATE utf8mb4_unicode_ci DEFAULT NULL,
  `date_start` date DEFAULT NULL,
  `date_end` date DEFAULT NULL,
  `created_at` timestamp NULL DEFAULT NULL,
  `updated_at` timestamp NULL DEFAULT NULL,
  PRIMARY KEY (`id`)
) ENGINE=InnoDB AUTO_INCREMENT=8 DEFAULT CHARSET=utf8mb4 COLLATE=utf8mb4_unicode_ci;

-- Membuang data untuk tabel db_psc_119.announcements: ~2 rows (lebih kurang)
/*!40000 ALTER TABLE `announcements` DISABLE KEYS */;
INSERT INTO `announcements` (`id`, `title`, `text`, `image`, `date_start`, `date_end`, `created_at`, `updated_at`) VALUES
	(3, 'Iuran BPJS Kesehatan Kelas 1 hingga 3 Dihapus', 'Iuran BPJS Kesehatan 2022 terbaru usai kelas 1, 2 dan 3 dihapus. Lalu iuran BPJS Kesehatan nantinya akan disesuaikan dengan besaran gaji peserta.  Penghapusan kelas BPJS Kesehatan rencananya akan dimulai pada Juli 2022.', NULL, '2022-09-05', '2022-09-06', '2022-08-16 09:30:58', '2022-09-12 09:08:50'),
	(4, 'ETLE (Electronic Traffic Law Enforcement)', '<h2>Apa itu E-Tilang?</h2>\r\n\r\n<p>Tilang Elektronik atau Pelanggaran digitalisasi yang namakan dengan&nbsp;<strong>E-tilang</strong>&nbsp;adalah denda yang dikenakan oleh penegak hukum yaitu Polisi kepada pengguna / pemakai jalan yang melanggar peraturan di Kendari - Sulawesi Tenggara.</p>\r\n\r\n<h3>Bagaimana Cara Bayar E-Tilang Kendari - Sulawesi Tenggara?</h3>\r\n\r\n<p><strong>Cara bayar E-Tilang Kendari</strong>&nbsp;- Sulawesi Tenggara bisa melalui kejaksaan. Jika melalui ATM caranya adalah sebagai berikut:</p>\r\n\r\n<p>1. Silahkan masukkan kartu ATM Debit dan PIN Anda<br />\r\n2. Pilih atau klik menu Transaksi Lainnya -&gt; Transfer -&gt; Ke Rek Bank Lain<br />\r\n3. Pilih terlebih dahulu kode bank yang ingin di transfer, untuk hal ini E-Tilang menggunakan Bank BRI maka Masukkan kode bank BRI yaitu nomor 002 kemudian diikuti dengan 15 digit angka Nomor Pembayaran E-Tilang. contoh : 002123456789012345<br />\r\n4. lihat tanda terima yang anda dapat dari e-tilang lalu Masukkan angka nominal jumlah pembayaran sesuai dengan denda yang harus dibayarkan.<br />\r\nTransaksi E-Tilang akan ditolak jika pembayaran tidak sesuai dengan jumlah denda E-Tilang titipan<br />\r\n5. kemudian Ikuti instruksi selanjutnya yang ada di menu ATM untuk menyelesaikan transaksi<br />\r\n6. Simpan struk transaksi E-Tilang sebagai bukti pembayaran<br />\r\nCatatan : Biaya denda tilang elektronik dibayarkan setelah sidang pengadilan dan sudah mendapat amar putusan dari Pengadilan. Jika pada ke H-4 dari tanggal sidang belum dibayarkan, maka E-Tilang / Nomor Briva otomatis akan berubah(Aturan dapat berubah sewaktu waktu)<br />\r\n&nbsp;</p>\r\n\r\n<h3>Bagaimana cara cek E-Tilang Kendari - Sulawesi Tenggara?</h3>\r\n\r\n<p><strong>Cara Cek E-Tilang Kendari</strong>&nbsp;- Sulawesi Tenggara adalah dengan mengunjungi website polres Kendari - Sulawesi Tenggara lalu cari menu tilang atau situs pihak ketiga seperti cektilang.com ketik No E-Tilang / No Blanko / No BRIVA anda lalu klik Cek untuk mengetahui berapa besar denda dan biaya yang harus dibayarkan</p>\r\n\r\n<h3>Bagaimana cara cek denda tilang Kejaksaan Kendari - Sulawesi Tenggara?</h3>\r\n\r\n<p><strong>Cara cek denda E-Tilang Kendari</strong>&nbsp;- Sulawesi Tenggara atau tilang elektronik memungkinkan kita Cek Tilang secara online. untuk E-Tilang itu sendiri ada 2 cara Cek denda E-Tilang di Kendari - Sulawesi Tenggara yaitu melalui website atau pun melalui HP. kalau melalui website. buka situs resmi kejaksaan negeri pemerintah Kendari - Sulawesi Tenggara lalu klik menu tilang dan ketikkan nomor resi nya. kalau melalui hp, silahkan kunjungi playstore dan download aplikasi resmi dari pemerintah atau kejaksaan negeri</p>\r\n\r\n<h3>Bagaimana cara cek resi tilang kejaksaan Kendari - Sulawesi Tenggara?</h3>\r\n\r\n<p>Pelanggar tidak perlu lagi mengikuti sidang tilang di pengadilan negeri Kendari - Sulawesi Tenggara, anda cukup membuka Sistem Informasi Penelusuran Perkara (SIPP) kemudian anda ketikkan nomor kendaraaan dan Nomor E-Tilang anda. untuk pembayaran denda tilang dan pengambilan barang bukti, anda cukup datang ke kantor kejaksaan Negeri Kendari - Sulawesi Tenggara. apabila nomor tilang anda sudah di putus atau belum oleh pengadilan negeri Sulawesi Tenggara serta tidak ada dalam daftar sesuai dengan tanggal putusan yang di tentukan oleh pengadilan negeri Kendari - Sulawesi Tenggara, maka anda bisa langsung menghubungi pihak terkait (Pihak kepolisian atau DLLAJ)</p>\r\n\r\n<h3>Bagaimana cara cek denda tilang pasal 288 ayat 1 slip biru di kejaksaan Kendari - Sulawesi Tenggara?</h3>\r\n\r\n<p>sebelum kita melangkah lebih jauh, ada baiknya kita ketahui dahulu apa isi pasal tersebut.</p>\r\n\r\n<p>&quot;Setiap orang yang mengemudikan Kendaraan Bermotor di Jalan yang melanggar aturan perintah atau larangan yang dinyatakan dengan Rambu Lalu Lintas sebagaimana dimaksud dalam Pasal 106 ayat (4) huruf a atau Marka Jalan sebagaimana dimaksud dalam Pasal 106 ayat (4) huruf b dipidana dengan pidana kurungan paling lama 2 (dua) bulan atau denda paling banyak Rp. 500.000 (lima ratus ribu rupiah).&quot;</p>\r\n\r\n<p>&nbsp;</p>\r\n\r\n<p>jika anda terkena pasal tersebut, datanglah ke kejaksaan negeri Kendari - Sulawesi Tenggara, lalu lihatlah di Sistem Informasi Penelusuran Perkara (SIPP), lalu ikuti prosedur selanjutnya</p>', NULL, '2022-09-14', '2022-09-30', '2022-09-14 17:08:38', '2022-09-14 17:08:38'),
	(7, 'xxx', 'xx', '1664608727.jpeg', '2022-10-01', '2022-10-03', '2022-10-01 15:14:19', '2022-10-01 15:18:47');
/*!40000 ALTER TABLE `announcements` ENABLE KEYS */;

-- membuang struktur untuk table db_psc_119.call_numbers
CREATE TABLE IF NOT EXISTS `call_numbers` (
  `id` int(10) unsigned NOT NULL AUTO_INCREMENT,
  `phone_number` varchar(50) COLLATE utf8mb4_unicode_ci DEFAULT NULL,
  `description` text COLLATE utf8mb4_unicode_ci,
  `created_at` timestamp NULL DEFAULT NULL,
  `updated_at` timestamp NULL DEFAULT NULL,
  PRIMARY KEY (`id`)
) ENGINE=InnoDB AUTO_INCREMENT=4 DEFAULT CHARSET=utf8mb4 COLLATE=utf8mb4_unicode_ci;

-- Membuang data untuk tabel db_psc_119.call_numbers: ~3 rows (lebih kurang)
/*!40000 ALTER TABLE `call_numbers` DISABLE KEYS */;
INSERT INTO `call_numbers` (`id`, `phone_number`, `description`, `created_at`, `updated_at`) VALUES
	(1, '04022824192', 'Berbayar', '2022-09-19 13:42:13', '2022-09-19 19:05:44'),
	(2, '119', 'Bebas Pulsa', '2022-09-19 13:42:23', '2022-09-19 19:06:11'),
	(3, '085367029945', 'Berbayar', '2022-09-19 13:42:43', '2022-09-19 19:05:58');
/*!40000 ALTER TABLE `call_numbers` ENABLE KEYS */;

-- membuang struktur untuk table db_psc_119.categories
CREATE TABLE IF NOT EXISTS `categories` (
  `id` int(10) unsigned NOT NULL AUTO_INCREMENT,
  `name` varchar(100) COLLATE utf8mb4_unicode_ci DEFAULT NULL,
  `image` varchar(50) COLLATE utf8mb4_unicode_ci DEFAULT NULL,
  `text` text COLLATE utf8mb4_unicode_ci,
  `created_at` timestamp NULL DEFAULT NULL,
  `updated_at` timestamp NULL DEFAULT NULL,
  PRIMARY KEY (`id`)
) ENGINE=InnoDB AUTO_INCREMENT=9 DEFAULT CHARSET=utf8mb4 COLLATE=utf8mb4_unicode_ci;

-- Membuang data untuk tabel db_psc_119.categories: ~3 rows (lebih kurang)
/*!40000 ALTER TABLE `categories` DISABLE KEYS */;
INSERT INTO `categories` (`id`, `name`, `image`, `text`, `created_at`, `updated_at`) VALUES
	(1, 'Ibu Melahirkan', '1660612024.jpg', 'ytytytytytytyt', '2022-08-16 09:06:24', '2022-08-16 09:07:04'),
	(2, 'Kecelakaan Lalu Lintas', NULL, '---', '2022-08-31 18:17:49', '2022-09-20 09:13:46'),
	(8, NULL, NULL, NULL, '2022-09-21 13:20:32', '2022-09-21 13:20:32');
/*!40000 ALTER TABLE `categories` ENABLE KEYS */;

-- membuang struktur untuk table db_psc_119.citizens
CREATE TABLE IF NOT EXISTS `citizens` (
  `id` int(10) unsigned NOT NULL AUTO_INCREMENT,
  `name` varchar(100) COLLATE utf8mb4_unicode_ci DEFAULT NULL,
  `phone_number` varchar(50) COLLATE utf8mb4_unicode_ci DEFAULT NULL,
  `address` varchar(50) COLLATE utf8mb4_unicode_ci DEFAULT NULL,
  `nik` varchar(16) COLLATE utf8mb4_unicode_ci DEFAULT NULL,
  `subdistrict_id` varchar(16) COLLATE utf8mb4_unicode_ci DEFAULT NULL,
  `village_id` int(10) unsigned NOT NULL,
  `user_id` char(50) COLLATE utf8mb4_unicode_ci NOT NULL,
  `created_at` timestamp NULL DEFAULT NULL,
  `updated_at` timestamp NULL DEFAULT NULL,
  PRIMARY KEY (`id`),
  KEY `citizens_village_id_foreign` (`village_id`),
  KEY `FK_citizens_users` (`user_id`),
  CONSTRAINT `FK_citizens_users` FOREIGN KEY (`user_id`) REFERENCES `users` (`id`) ON DELETE CASCADE ON UPDATE CASCADE,
  CONSTRAINT `citizens_village_id_foreign` FOREIGN KEY (`village_id`) REFERENCES `villages` (`id`)
) ENGINE=InnoDB AUTO_INCREMENT=69 DEFAULT CHARSET=utf8mb4 COLLATE=utf8mb4_unicode_ci;

-- Membuang data untuk tabel db_psc_119.citizens: ~11 rows (lebih kurang)
/*!40000 ALTER TABLE `citizens` DISABLE KEYS */;
INSERT INTO `citizens` (`id`, `name`, `phone_number`, `address`, `nik`, `subdistrict_id`, `village_id`, `user_id`, `created_at`, `updated_at`) VALUES
	(26, 'Andy Musly Afriyanto', '081289896166', 'mandonga', '1239097891091222', '2', 1, 'e1214a6d-aa83-4ac5-9be5-350543fad1dd', '2022-09-21 12:15:35', '2022-09-21 12:15:35'),
	(36, 'euis nurhiliya', '085208520852', 'anawai', '7471095656560003', '7', 29, 'c35f0559-3516-4245-97fd-160055ef8827', '2022-09-21 14:20:33', '2022-09-21 14:20:33'),
	(40, 'mely', '08529637410', 'jl', '0852963741085225', '4', 4, 'c3a53035-a63a-426c-92d9-ada953a85034', '2022-09-21 14:34:56', '2022-09-21 14:34:56'),
	(46, 'indra', '08114091027', 'jl.labalawo', '7471553294971111', '3', 12, 'efbc1902-9694-4074-b039-26b1af174c1b', '2022-09-23 10:31:23', '2022-09-23 10:31:23'),
	(48, 'sholeh', '082292606733', 'Jl.Betoambari', '7471051101910002', '2', 1, 'b3640f52-bd7c-499d-9a13-1e733eae4098', '2022-09-30 09:28:01', '2022-09-30 09:28:01'),
	(50, 'Mohammad', '082292606733', 'Jl.Betoambari', '7471050703960002', '2', 1, '244fce6a-c245-4c9e-90a2-f9616aa75ac1', '2022-09-30 09:33:24', '2022-09-30 09:33:24'),
	(54, 'Muh. Fahril', '082246817119', 'Jl. Tunggala', '7406006481020001', '5', 39, '5a93f8c5-caa5-4898-af50-9845aa0f6e25', '2022-09-30 10:18:41', '2022-09-30 10:18:41'),
	(56, 'mely', '085296374120', 'jl', '7371085246970008', '4', 4, 'd5643b0f-29f4-4b56-a917-5f3c5514b62c', '2022-09-30 11:34:26', '2022-09-30 11:34:26'),
	(60, 'uun', '3444444', 'mandonga', '1233467891091222', '2', 1, 'aff3e565-75ce-4bd0-8d95-91033087766c', '2022-10-03 18:39:14', '2022-10-03 18:39:14'),
	(68, 'Adri Saputra', '082259504999', 'Anawai', '1234567891011111', '4', 1, '9a429e59-4fa7-4728-be10-7a455ace252f', '2022-11-03 18:43:43', '2022-11-03 18:43:43');
/*!40000 ALTER TABLE `citizens` ENABLE KEYS */;

-- membuang struktur untuk table db_psc_119.complaints
CREATE TABLE IF NOT EXISTS `complaints` (
  `id` char(36) COLLATE utf8mb4_unicode_ci NOT NULL,
  `ticket_number` varchar(100) COLLATE utf8mb4_unicode_ci DEFAULT NULL,
  `phone_number` varchar(50) COLLATE utf8mb4_unicode_ci DEFAULT NULL,
  `name` varchar(100) COLLATE utf8mb4_unicode_ci DEFAULT NULL,
  `incident_area` text COLLATE utf8mb4_unicode_ci,
  `summary` text COLLATE utf8mb4_unicode_ci,
  `category_id` int(10) unsigned DEFAULT NULL,
  `psc` varchar(50) COLLATE utf8mb4_unicode_ci DEFAULT NULL,
  `status` enum('request','process','dispatch','accept','reject','done') COLLATE utf8mb4_unicode_ci NOT NULL,
  `unit_id` int(10) unsigned DEFAULT NULL,
  `coordinate_citizen` varchar(255) COLLATE utf8mb4_unicode_ci DEFAULT NULL,
  `coordinate_officer` varchar(255) COLLATE utf8mb4_unicode_ci DEFAULT NULL,
  `image` varchar(50) COLLATE utf8mb4_unicode_ci DEFAULT NULL,
  `photo_citizen` varchar(50) COLLATE utf8mb4_unicode_ci DEFAULT NULL,
  `description` text COLLATE utf8mb4_unicode_ci,
  `reason` text COLLATE utf8mb4_unicode_ci,
  `report_type` enum('emergency','phone','complaint') COLLATE utf8mb4_unicode_ci NOT NULL,
  `handling_status` enum('home','refer') COLLATE utf8mb4_unicode_ci NOT NULL,
  `reference_place` varchar(255) COLLATE utf8mb4_unicode_ci DEFAULT NULL,
  `user_id` char(36) COLLATE utf8mb4_unicode_ci DEFAULT NULL,
  `created_at` timestamp NULL DEFAULT NULL,
  `updated_at` timestamp NULL DEFAULT NULL,
  PRIMARY KEY (`id`),
  KEY `complaints_category_id_foreign` (`category_id`),
  KEY `complaints_unit_id_foreign` (`unit_id`),
  KEY `FK_complaints_users` (`user_id`),
  CONSTRAINT `FK_complaints_users` FOREIGN KEY (`user_id`) REFERENCES `users` (`id`) ON DELETE CASCADE ON UPDATE CASCADE,
  CONSTRAINT `complaints_category_id_foreign` FOREIGN KEY (`category_id`) REFERENCES `categories` (`id`) ON DELETE CASCADE ON UPDATE CASCADE,
  CONSTRAINT `complaints_unit_id_foreign` FOREIGN KEY (`unit_id`) REFERENCES `units` (`id`) ON DELETE CASCADE ON UPDATE CASCADE
) ENGINE=InnoDB DEFAULT CHARSET=utf8mb4 COLLATE=utf8mb4_unicode_ci;

-- Membuang data untuk tabel db_psc_119.complaints: ~3 rows (lebih kurang)
/*!40000 ALTER TABLE `complaints` DISABLE KEYS */;
INSERT INTO `complaints` (`id`, `ticket_number`, `phone_number`, `name`, `incident_area`, `summary`, `category_id`, `psc`, `status`, `unit_id`, `coordinate_citizen`, `coordinate_officer`, `image`, `photo_citizen`, `description`, `reason`, `report_type`, `handling_status`, `reference_place`, `user_id`, `created_at`, `updated_at`) VALUES
	('186fefdf-1f71-46c5-9550-469c806ecfb0', 'SPGDT20221109152159', '082259504999', 'Adri Saputra', 'dd', 'ddd', 1, 'Baubau', 'process', 3, '-5.459679771829231, 122.61970773339272', '-5.455280589900395, 122.60656355365813', NULL, NULL, 'xxxxx', NULL, 'phone', 'home', NULL, '9a429e59-4fa7-4728-be10-7a455ace252f', '2022-11-09 15:21:59', '2022-11-09 15:34:57'),
	('9f30109d-f459-47b1-8a59-8767d987cdb1', 'SPGDT20221109152205', '082259504999', 'Adri Saputra', 'Mall', 'ibu melahirkan', 1, 'Baubau', 'accept', 13, '-5.458301015235267, 122.615936364176', '-5.46620569513222, 122.62033569738274', 'RYG1FZgLU5Bzkn4X9u97VAfHur5vNFVrhkKNQvIW.png', NULL, 'xxx', NULL, 'complaint', 'home', NULL, '9a429e59-4fa7-4728-be10-7a455ace252f', '2022-11-09 15:22:05', '2022-11-09 15:30:45'),
	('f6f2caf3-7726-4fd5-853b-aa7aae4898f3', 'SPGDT20221109144330', '082259504999', 'Adri Saputra', 'dd', 'ddd', 1, 'Baubau', 'dispatch', 12, '-5.458301015235267, 122.615936364176', '-5.455280589900395, 122.60656355365813', NULL, NULL, 'zxxxx', NULL, 'emergency', 'home', NULL, '9a429e59-4fa7-4728-be10-7a455ace252f', '2022-11-09 14:43:30', '2022-11-09 15:15:37');
/*!40000 ALTER TABLE `complaints` ENABLE KEYS */;

-- membuang struktur untuk table db_psc_119.failed_jobs
CREATE TABLE IF NOT EXISTS `failed_jobs` (
  `id` bigint(20) unsigned NOT NULL AUTO_INCREMENT,
  `uuid` varchar(191) COLLATE utf8mb4_unicode_ci NOT NULL,
  `connection` text COLLATE utf8mb4_unicode_ci NOT NULL,
  `queue` text COLLATE utf8mb4_unicode_ci NOT NULL,
  `payload` longtext COLLATE utf8mb4_unicode_ci NOT NULL,
  `exception` longtext COLLATE utf8mb4_unicode_ci NOT NULL,
  `failed_at` timestamp NOT NULL DEFAULT CURRENT_TIMESTAMP,
  PRIMARY KEY (`id`),
  UNIQUE KEY `failed_jobs_uuid_unique` (`uuid`)
) ENGINE=InnoDB DEFAULT CHARSET=utf8mb4 COLLATE=utf8mb4_unicode_ci;

-- Membuang data untuk tabel db_psc_119.failed_jobs: ~0 rows (lebih kurang)
/*!40000 ALTER TABLE `failed_jobs` DISABLE KEYS */;
/*!40000 ALTER TABLE `failed_jobs` ENABLE KEYS */;

-- membuang struktur untuk table db_psc_119.groups
CREATE TABLE IF NOT EXISTS `groups` (
  `id` int(11) NOT NULL AUTO_INCREMENT,
  `group_name` varchar(18) COLLATE utf8mb4_unicode_ci DEFAULT NULL,
  `status` int(11) NOT NULL DEFAULT '0',
  `user_id` int(11) DEFAULT NULL,
  `created_at` timestamp NULL DEFAULT NULL,
  `updated_at` timestamp NULL DEFAULT NULL,
  PRIMARY KEY (`id`) USING BTREE
) ENGINE=InnoDB AUTO_INCREMENT=8 DEFAULT CHARSET=utf8mb4 COLLATE=utf8mb4_unicode_ci;

-- Membuang data untuk tabel db_psc_119.groups: ~7 rows (lebih kurang)
/*!40000 ALTER TABLE `groups` DISABLE KEYS */;
INSERT INTO `groups` (`id`, `group_name`, `status`, `user_id`, `created_at`, `updated_at`) VALUES
	(1, 'Administrator', 0, 1, '2022-01-11 13:01:48', '2022-01-11 13:01:48'),
	(2, 'Call Center', 0, 0, '2022-08-19 08:28:16', '2022-08-19 08:28:16'),
	(3, 'Petugas Lapangan', 0, 0, '2022-08-19 08:28:28', '2022-08-19 08:28:28'),
	(4, 'Dinkes', 0, 0, '2022-08-19 08:28:42', '2022-08-19 08:28:42'),
	(5, 'Rumah Sakit', 0, 0, '2022-08-19 08:28:51', '2022-08-19 08:28:51'),
	(6, 'Masyarakat', 0, 0, '2022-08-19 08:29:08', '2022-08-19 08:29:08'),
	(7, 'Tracking Aduan', 0, 0, '2022-09-14 17:13:17', '2022-09-14 17:13:56');
/*!40000 ALTER TABLE `groups` ENABLE KEYS */;

-- membuang struktur untuk table db_psc_119.handlings
CREATE TABLE IF NOT EXISTS `handlings` (
  `id` int(10) unsigned NOT NULL AUTO_INCREMENT,
  `complaint_id` char(36) COLLATE utf8mb4_unicode_ci NOT NULL,
  `diagnosis` text COLLATE utf8mb4_unicode_ci,
  `handling` text COLLATE utf8mb4_unicode_ci,
  `response_time` datetime DEFAULT NULL,
  `done_time` datetime DEFAULT NULL,
  `status` enum('accept','reject','done') COLLATE utf8mb4_unicode_ci DEFAULT NULL,
  `user_id` char(36) COLLATE utf8mb4_unicode_ci DEFAULT NULL,
  `created_at` timestamp NULL DEFAULT NULL,
  `updated_at` timestamp NULL DEFAULT NULL,
  PRIMARY KEY (`id`),
  KEY `handlings_complaint_id_foreign` (`complaint_id`),
  KEY `handlings_user_id_foreign` (`user_id`),
  CONSTRAINT `handlings_complaint_id_foreign` FOREIGN KEY (`complaint_id`) REFERENCES `complaints` (`id`) ON DELETE CASCADE ON UPDATE CASCADE,
  CONSTRAINT `handlings_user_id_foreign` FOREIGN KEY (`user_id`) REFERENCES `users` (`id`) ON DELETE CASCADE ON UPDATE CASCADE
) ENGINE=InnoDB AUTO_INCREMENT=5 DEFAULT CHARSET=utf8mb4 COLLATE=utf8mb4_unicode_ci;

-- Membuang data untuk tabel db_psc_119.handlings: ~3 rows (lebih kurang)
/*!40000 ALTER TABLE `handlings` DISABLE KEYS */;
INSERT INTO `handlings` (`id`, `complaint_id`, `diagnosis`, `handling`, `response_time`, `done_time`, `status`, `user_id`, `created_at`, `updated_at`) VALUES
	(2, 'f6f2caf3-7726-4fd5-853b-aa7aae4898f3', NULL, NULL, NULL, NULL, 'reject', '4928adaf-f946-465a-b7f3-f653f4f24ea4', '2022-11-09 14:43:30', '2022-11-09 15:15:37'),
	(3, '186fefdf-1f71-46c5-9550-469c806ecfb0', NULL, NULL, NULL, NULL, NULL, '85591b09-acb4-4742-989b-a6eaa38ce099', '2022-11-09 15:21:59', '2022-11-09 15:34:57'),
	(4, '9f30109d-f459-47b1-8a59-8767d987cdb1', NULL, NULL, '2022-11-09 15:37:27', NULL, 'accept', '5ade2d23-f6be-4246-9ad9-42ac66079543', '2022-11-09 15:22:05', '2022-11-09 15:37:27');
/*!40000 ALTER TABLE `handlings` ENABLE KEYS */;

-- membuang struktur untuk table db_psc_119.menus
CREATE TABLE IF NOT EXISTS `menus` (
  `id` int(11) NOT NULL AUTO_INCREMENT,
  `menu_name` varchar(50) COLLATE utf8mb4_unicode_ci DEFAULT NULL,
  `link` varchar(50) COLLATE utf8mb4_unicode_ci DEFAULT NULL,
  `attribute` varchar(50) COLLATE utf8mb4_unicode_ci DEFAULT NULL,
  `position` int(11) NOT NULL DEFAULT '0',
  `desc` tinytext COLLATE utf8mb4_unicode_ci,
  `category` int(11) NOT NULL DEFAULT '0',
  `status` int(11) NOT NULL DEFAULT '0',
  `user_id` int(11) DEFAULT NULL,
  `created_at` timestamp NULL DEFAULT NULL,
  `updated_at` timestamp NULL DEFAULT NULL,
  PRIMARY KEY (`id`) USING BTREE
) ENGINE=InnoDB AUTO_INCREMENT=27 DEFAULT CHARSET=utf8mb4 COLLATE=utf8mb4_unicode_ci;

-- Membuang data untuk tabel db_psc_119.menus: ~14 rows (lebih kurang)
/*!40000 ALTER TABLE `menus` DISABLE KEYS */;
INSERT INTO `menus` (`id`, `menu_name`, `link`, `attribute`, `position`, `desc`, `category`, `status`, `user_id`, `created_at`, `updated_at`) VALUES
	(4, 'Pengaturan', '#', 'fa fa-cogs', 15, NULL, 1, 1, 1, '2022-01-12 11:05:31', '2022-06-03 11:00:35'),
	(5, 'Log Activity', 'log', 'fa fa-circle-notch', 14, NULL, 2, 1, 1, '2022-01-14 17:59:00', '2022-06-03 11:00:56'),
	(6, 'Data Pegawai', 'pegawai', 'fa fa-list', 20, NULL, 2, 1, 0, '2022-01-14 18:22:35', '2022-08-16 11:42:23'),
	(13, 'Report', '#', 'fa fa-list', 22, NULL, 2, 1, 0, '2022-02-18 09:16:32', '2022-08-23 14:34:11'),
	(16, 'Database', 'database', 'fa fa-database', 21, NULL, 2, 1, 0, '2022-05-24 21:50:50', '2022-08-23 14:35:23'),
	(17, 'Manajemen Data Umum', '#', 'fa fa-list', 2, NULL, 2, 1, 0, '2022-08-16 07:39:30', '2022-08-23 14:22:24'),
	(19, 'Pengumuman', 'announcement', 'fa fa-list', 10, NULL, 2, 1, 0, '2022-08-16 09:17:49', '2022-08-19 09:24:46'),
	(20, 'Manajemen Fasyankes', 'unit', 'fa fa-hospital', 6, NULL, 2, 1, 0, '2022-08-16 11:43:07', '2022-08-24 13:41:57'),
	(21, 'Manajemen Petugas', 'officer', 'fa fa-users', 4, NULL, 2, 1, 0, '2022-08-19 07:44:05', '2022-08-24 13:39:29'),
	(22, 'Manajemen Ambulans', 'ambulance', 'fa fa-ambulance', 5, NULL, 2, 1, 0, '2022-08-19 09:25:20', '2022-08-24 13:38:28'),
	(23, 'Data Aduan', '#', 'fa fa-phone', 1, NULL, 2, 1, 0, '2022-08-23 14:24:49', '2022-09-13 07:56:27'),
	(24, 'Tracking Lokasi', 'tracking', 'fa fa-map', 3, NULL, 2, 1, 0, '2022-08-23 14:32:18', '2022-09-12 07:36:58'),
	(25, 'Laporan', 'report', 'fa fa-print', 7, NULL, 2, 1, 0, '2022-08-24 13:36:42', '2022-09-14 19:24:48'),
	(26, 'Grafik', 'chart', 'fa fa-chart-area', 8, NULL, 2, 1, 0, '2022-08-24 13:37:09', '2022-09-14 19:25:01');
/*!40000 ALTER TABLE `menus` ENABLE KEYS */;

-- membuang struktur untuk table db_psc_119.menu_accesses
CREATE TABLE IF NOT EXISTS `menu_accesses` (
  `id` int(11) NOT NULL AUTO_INCREMENT,
  `group_id` int(11) NOT NULL DEFAULT '0',
  `menu_id` int(11) NOT NULL DEFAULT '0',
  `create` int(11) NOT NULL DEFAULT '0',
  `read` int(11) NOT NULL DEFAULT '0',
  `update` int(11) NOT NULL DEFAULT '0',
  `delete` int(11) NOT NULL DEFAULT '0',
  `print` int(11) NOT NULL DEFAULT '0',
  `user_id` int(11) DEFAULT NULL,
  `created_at` timestamp NULL DEFAULT NULL,
  `updated_at` timestamp NULL DEFAULT NULL,
  PRIMARY KEY (`id`) USING BTREE,
  KEY `group_id` (`group_id`),
  KEY `menu_id` (`menu_id`),
  CONSTRAINT `FK_access_tbl_group_tbl` FOREIGN KEY (`group_id`) REFERENCES `groups` (`id`) ON DELETE CASCADE ON UPDATE CASCADE,
  CONSTRAINT `FK_access_tbl_menu_tbl` FOREIGN KEY (`menu_id`) REFERENCES `menus` (`id`) ON DELETE CASCADE ON UPDATE CASCADE
) ENGINE=InnoDB AUTO_INCREMENT=53 DEFAULT CHARSET=utf8mb4 COLLATE=utf8mb4_unicode_ci;

-- Membuang data untuk tabel db_psc_119.menu_accesses: ~24 rows (lebih kurang)
/*!40000 ALTER TABLE `menu_accesses` DISABLE KEYS */;
INSERT INTO `menu_accesses` (`id`, `group_id`, `menu_id`, `create`, `read`, `update`, `delete`, `print`, `user_id`, `created_at`, `updated_at`) VALUES
	(1, 1, 4, 1, 1, 1, 1, 1, 1, '2022-01-13 11:02:25', '2022-01-13 11:02:25'),
	(7, 1, 5, 1, 1, 1, 1, 1, 1, '2022-01-14 17:59:17', '2022-01-14 17:59:17'),
	(26, 1, 17, 1, 1, 1, 1, 0, 0, '2022-08-16 07:40:27', '2022-08-16 07:40:27'),
	(28, 1, 19, 1, 1, 1, 1, 0, 0, '2022-08-16 09:18:22', '2022-08-16 09:18:22'),
	(29, 1, 20, 1, 1, 1, 1, 0, 0, '2022-08-16 11:43:38', '2022-08-16 11:43:38'),
	(30, 1, 21, 1, 1, 1, 1, 0, 0, '2022-08-19 07:44:28', '2022-08-19 07:44:28'),
	(31, 1, 22, 1, 1, 1, 1, 0, 0, '2022-08-19 09:25:45', '2022-08-19 09:25:45'),
	(32, 1, 23, 1, 1, 1, 1, 0, 0, '2022-08-24 13:33:45', '2022-08-24 13:33:45'),
	(33, 1, 24, 1, 1, 1, 1, 0, 0, '2022-08-24 13:35:02', '2022-08-24 13:35:02'),
	(34, 1, 25, 1, 1, 1, 1, 0, 0, '2022-08-24 13:37:26', '2022-08-24 13:37:26'),
	(35, 1, 26, 1, 1, 1, 1, 0, 0, '2022-08-24 13:37:49', '2022-08-24 13:37:49'),
	(36, 3, 21, 1, 1, 1, 1, 1, 0, '2022-09-13 08:52:38', '2022-09-13 08:52:38'),
	(37, 3, 24, 0, 0, 0, 0, 0, 0, '2022-09-13 08:53:01', '2022-09-13 08:53:01'),
	(38, 2, 23, 1, 1, 1, 1, 1, 0, '2022-09-14 16:17:55', '2022-09-14 16:17:55'),
	(39, 2, 24, 1, 1, 1, 1, 1, 0, '2022-09-14 16:25:15', '2022-09-14 16:25:15'),
	(40, 2, 25, 1, 1, 1, 1, 1, 0, '2022-09-14 16:27:03', '2022-09-14 16:27:03'),
	(41, 2, 26, 1, 1, 1, 1, 1, 0, '2022-09-14 16:27:22', '2022-09-14 16:27:22'),
	(42, 2, 19, 1, 1, 1, 1, 1, 0, '2022-09-14 16:31:46', '2022-09-14 16:31:46'),
	(43, 2, 5, 1, 1, 1, 1, 1, 0, '2022-09-14 16:32:13', '2022-09-14 16:32:13'),
	(44, 7, 24, 0, 1, 0, 0, 0, 0, '2022-09-14 17:14:16', '2022-09-14 17:14:34'),
	(46, 4, 23, 0, 1, 0, 0, 0, 0, '2022-09-27 15:17:20', '2022-09-27 15:17:20'),
	(48, 4, 24, 0, 1, 0, 0, 0, 0, '2022-09-27 15:17:38', '2022-09-27 15:17:38'),
	(50, 4, 25, 1, 1, 1, 0, 0, 0, '2022-09-27 15:17:59', '2022-09-27 15:17:59'),
	(52, 4, 26, 1, 1, 1, 0, 0, 0, '2022-09-27 15:18:17', '2022-09-27 15:18:17');
/*!40000 ALTER TABLE `menu_accesses` ENABLE KEYS */;

-- membuang struktur untuk table db_psc_119.migrations
CREATE TABLE IF NOT EXISTS `migrations` (
  `id` int(10) unsigned NOT NULL AUTO_INCREMENT,
  `migration` varchar(191) COLLATE utf8mb4_unicode_ci NOT NULL,
  `batch` int(11) NOT NULL,
  PRIMARY KEY (`id`)
) ENGINE=InnoDB AUTO_INCREMENT=29 DEFAULT CHARSET=utf8mb4 COLLATE=utf8mb4_unicode_ci;

-- Membuang data untuk tabel db_psc_119.migrations: ~25 rows (lebih kurang)
/*!40000 ALTER TABLE `migrations` DISABLE KEYS */;
INSERT INTO `migrations` (`id`, `migration`, `batch`) VALUES
	(2, '2014_10_12_100000_create_password_resets_table', 1),
	(3, '2019_08_19_000000_create_failed_jobs_table', 1),
	(4, '2014_10_12_200000_add_two_factor_columns_to_users_table', 2),
	(5, '2019_12_14_000001_create_personal_access_tokens_table', 2),
	(6, '2021_04_05_060844_create_sessions_table', 2),
	(7, '2021_05_11_132318_create_events_table', 3),
	(8, '2021_10_28_132348_create_activity_log_table', 4),
	(9, '2021_10_28_132349_add_event_column_to_activity_log_table', 4),
	(10, '2021_10_28_132350_add_batch_uuid_column_to_activity_log_table', 4),
	(11, '2022_05_20_182048_create_image_uploads_table', 5),
	(12, '2022_06_07_165613_create_officess_table', 6),
	(13, '2022_06_07_204107_create_position_classes_table', 7),
	(14, '2022_06_08_130806_create_positions_table', 8),
	(15, '2022_08_16_073145_create_subdistricts_table', 9),
	(16, '2022_08_16_073349_create_villages_table', 10),
	(17, '2022_08_16_084015_create_categories_table', 11),
	(18, '2022_08_16_091145_create_units_table', 12),
	(19, '2022_08_16_091605_create_announcements_table', 13),
	(20, '2022_08_19_091645_create_ambulances_table', 14),
	(21, '2022_08_24_073121_create_citizens_table', 15),
	(22, '2022_08_24_095446_create_treatments_table', 16),
	(23, '2022_08_24_115332_create_unit_services_table', 17),
	(24, '2022_08_31_160917_create_complaints_table', 18),
	(25, '2022_08_31_163942_create_handlings_table', 19),
	(26, '2022_08_31_165141_create_switch_officers_table', 20),
	(27, '2022_10_10_103312_create_notifications_table', 21),
	(28, '0000_00_00_000000_create_websockets_statistics_entries_table', 22);
/*!40000 ALTER TABLE `migrations` ENABLE KEYS */;

-- membuang struktur untuk table db_psc_119.notifications
CREATE TABLE IF NOT EXISTS `notifications` (
  `id` int(10) unsigned NOT NULL AUTO_INCREMENT,
  `email` varchar(100) COLLATE utf8mb4_unicode_ci DEFAULT NULL,
  `message` varchar(200) COLLATE utf8mb4_unicode_ci DEFAULT NULL,
  `created_at` timestamp NULL DEFAULT NULL,
  `updated_at` timestamp NULL DEFAULT NULL,
  PRIMARY KEY (`id`)
) ENGINE=InnoDB AUTO_INCREMENT=19 DEFAULT CHARSET=utf8mb4 COLLATE=utf8mb4_unicode_ci;

-- Membuang data untuk tabel db_psc_119.notifications: ~17 rows (lebih kurang)
/*!40000 ALTER TABLE `notifications` DISABLE KEYS */;
INSERT INTO `notifications` (`id`, `email`, `message`, `created_at`, `updated_at`) VALUES
	(2, 'izra.ismail.com', 'Ada Pengaduan Masuk, Silahkan buka aplikasi', '2022-10-10 11:09:43', '2022-10-10 11:09:43'),
	(3, 'izra.ismail.com', 'Ada Pengaduan Masuk, Silahkan buka aplikasi', '2022-10-10 11:19:30', '2022-10-10 11:19:30'),
	(4, 'izra.ismail.com', 'Ada Pengaduan Masuk, Silahkan buka aplikasi', '2022-10-10 11:20:05', '2022-10-10 11:20:05'),
	(5, 'izra.ismail.com', 'Ada Pengaduan Masuk, Silahkan buka aplikasi', '2022-10-10 11:20:33', '2022-10-10 11:20:33'),
	(6, 'adri.saputra.ibrahim@gmail.com', 'Petugas menuju Ke lokasi anda, Harap Tunggu', '2022-10-17 15:17:11', '2022-10-17 15:17:11'),
	(7, 'adri.saputra.ibrahim@gmail.com', 'Registrasi berhasil, Silahkan Cek Email Untuk Aktivasi', '2022-11-03 18:43:40', '2022-11-03 18:43:40'),
	(8, 'rahmat@gmail.com', 'Perhatian!! Anda mendapat penugasan kegawatdaruratan medis, Harap ditindaklanjuti', '2022-11-09 13:45:03', '2022-11-09 13:45:03'),
	(9, 'ikra@gmail.com', 'Perhatian!! Anda mendapat penugasan kegawatdaruratan medis, Harap ditindaklanjuti', '2022-11-09 14:38:54', '2022-11-09 14:38:54'),
	(10, 'ikra@gmail.com', 'Perhatian!! Anda mendapat penugasan kegawatdaruratan medis, Harap ditindaklanjuti', '2022-11-09 14:43:51', '2022-11-09 14:43:51'),
	(11, 'rahmat@gmail.com', 'Perhatian!! Anda mendapat penugasan kegawatdaruratan medis, Harap ditindaklanjuti', '2022-11-09 14:46:18', '2022-11-09 14:46:18'),
	(12, 'rahmat@gmail.com', 'Perhatian!! Anda mendapat penugasan kegawatdaruratan medis, Harap ditindaklanjuti', '2022-11-09 15:09:35', '2022-11-09 15:09:35'),
	(13, 'liwuto2@gmail.com', 'Perhatian!! Anda mendapat penugasan kegawatdaruratan medis, Harap ditindaklanjuti', '2022-11-09 15:11:07', '2022-11-09 15:11:07'),
	(14, 'indra@gmail.com', 'Perhatian!! Anda mendapat penugasan kegawatdaruratan medis, Harap ditindaklanjuti', '2022-11-09 15:22:23', '2022-11-09 15:22:23'),
	(15, 'ikra@gmail.com', 'Perhatian!! Anda mendapat penugasan kegawatdaruratan medis, Harap ditindaklanjuti', '2022-11-09 15:25:51', '2022-11-09 15:25:51'),
	(16, 'adri.saputra.ibrahim@gmail.com', 'Petugas menuju Ke lokasi anda, Harap Tunggu', '2022-11-09 15:30:45', '2022-11-09 15:30:45'),
	(17, 'izra.ismail.com', 'Perhatian!! Anda mendapat penugasan kegawatdaruratan medis, Harap ditindaklanjuti', '2022-11-09 15:34:57', '2022-11-09 15:34:57'),
	(18, 'adri.saputra.ibrahim@gmail.com', 'Petugas menuju Ke lokasi anda, Harap Tunggu', '2022-11-09 15:37:27', '2022-11-09 15:37:27');
/*!40000 ALTER TABLE `notifications` ENABLE KEYS */;

-- membuang struktur untuk table db_psc_119.officers
CREATE TABLE IF NOT EXISTS `officers` (
  `id` int(10) unsigned NOT NULL AUTO_INCREMENT,
  `name` varchar(100) COLLATE utf8mb4_unicode_ci DEFAULT NULL,
  `phone_number` varchar(50) COLLATE utf8mb4_unicode_ci DEFAULT NULL,
  `address` varchar(50) COLLATE utf8mb4_unicode_ci DEFAULT NULL,
  `status` enum('available','noavailable') COLLATE utf8mb4_unicode_ci NOT NULL,
  `device_id` varchar(100) COLLATE utf8mb4_unicode_ci DEFAULT NULL,
  `unit_id` int(10) unsigned NOT NULL,
  `user_id` char(36) COLLATE utf8mb4_unicode_ci NOT NULL,
  `created_at` timestamp NULL DEFAULT NULL,
  `updated_at` timestamp NULL DEFAULT NULL,
  PRIMARY KEY (`id`),
  KEY `FK_officers_users` (`user_id`),
  KEY `officers_unit_id_foreign` (`unit_id`),
  CONSTRAINT `FK_officers_users` FOREIGN KEY (`user_id`) REFERENCES `users` (`id`),
  CONSTRAINT `officers_unit_id_foreign` FOREIGN KEY (`unit_id`) REFERENCES `units` (`id`)
) ENGINE=InnoDB AUTO_INCREMENT=9 DEFAULT CHARSET=utf8mb4 COLLATE=utf8mb4_unicode_ci;

-- Membuang data untuk tabel db_psc_119.officers: ~5 rows (lebih kurang)
/*!40000 ALTER TABLE `officers` DISABLE KEYS */;
INSERT INTO `officers` (`id`, `name`, `phone_number`, `address`, `status`, `device_id`, `unit_id`, `user_id`, `created_at`, `updated_at`) VALUES
	(3, 'Indra Wijaya latif', '34555565665', 'Jalan P. Diponegoro', 'available', NULL, 4, 'e03fa048-7025-4412-aed9-b31a57bdd434', '2022-08-19 09:40:32', '2022-11-09 15:24:29'),
	(4, 'Izra Ismail', '085218101102', 'Jl. Agus Salim', 'noavailable', '111222333', 3, '85591b09-acb4-4742-989b-a6eaa38ce099', '2022-09-08 10:49:24', '2022-11-09 15:34:57'),
	(5, 'Ahmad', '1313', 'Jl. Poros', 'available', NULL, 5, 'b912d226-396d-4cda-9b19-2e85f6c72872', '2022-09-16 15:02:37', '2022-09-22 12:51:15'),
	(6, 'Ikra', '082039801919', 'Jalan', 'noavailable', NULL, 13, '5ade2d23-f6be-4246-9ad9-42ac66079543', '2022-09-20 15:13:52', '2022-11-09 15:25:51'),
	(7, 'Rahmat Saleh Ibrahim', 's12212121', 'eewew', 'available', NULL, 12, 'd2de9686-804b-4d17-a36f-9df686fe3a65', '2022-10-04 14:42:02', '2022-11-09 15:10:20'),
	(8, 'liwuto2', '081111111', 'JL', 'available', NULL, 12, '4928adaf-f946-465a-b7f3-f653f4f24ea4', '2022-11-09 13:32:40', '2022-11-09 15:15:37');
/*!40000 ALTER TABLE `officers` ENABLE KEYS */;

-- membuang struktur untuk table db_psc_119.offices
CREATE TABLE IF NOT EXISTS `offices` (
  `id` bigint(20) unsigned NOT NULL AUTO_INCREMENT,
  `office_name` varchar(191) COLLATE utf8mb4_unicode_ci DEFAULT NULL,
  `office_address` text COLLATE utf8mb4_unicode_ci,
  `created_at` timestamp NULL DEFAULT NULL,
  `updated_at` timestamp NULL DEFAULT NULL,
  PRIMARY KEY (`id`)
) ENGINE=InnoDB AUTO_INCREMENT=377 DEFAULT CHARSET=utf8mb4 COLLATE=utf8mb4_unicode_ci;

-- Membuang data untuk tabel db_psc_119.offices: ~375 rows (lebih kurang)
/*!40000 ALTER TABLE `offices` DISABLE KEYS */;
INSERT INTO `offices` (`id`, `office_name`, `office_address`, `created_at`, `updated_at`) VALUES
	(1, 'SEKRETARIAT DAERAH', 'Komplek Perkantoran Kel. Wanggudu Kec. Asera Kab. Konawe Utara', '2022-06-08 13:28:37', '2022-06-08 13:28:37'),
	(3, 'SEKRETARIAT DPRD', '', NULL, NULL),
	(4, 'INSPEKTORAT DAERAH', 'PERKANTORAN WANGGUDU', NULL, NULL),
	(5, 'DINAS PENDIDIKAN DAN KEBUDAYAAN', 'Kompleks Perkantoran Bupati Konawe Utara Kelurahan Wanggudu Kecamatan Asera', NULL, NULL),
	(6, 'DINAS KESEHATAN', 'Jl. Kompleks Perkantoran Kel. Wanggudu Kec. Asera Kab. Konawe Utara', NULL, NULL),
	(7, 'DINAS PEKERJAAN UMUM DAN PENATAAN RUANG', 'Kompleks Perkantoran kel.Wanggudu  Kec.Asera', NULL, NULL),
	(8, 'DINAS SOSIAL', 'Kompleks Perkantoran Kel.Wanggudu.Kec.Asera', NULL, NULL),
	(9, 'DINAS TRANSMIGRASI DAN TENAGA KERJA', '', NULL, NULL),
	(10, 'DINAS PEMBERDAYAAN PEREMPUAN DAN PERLINDUNGAN ANAK', '', NULL, NULL),
	(11, 'DINAS PENGENDALIAN PENDUDUK DAN KELUARGA BERENCANA', '', NULL, NULL),
	(12, 'DINAS KETAHANAN PANGAN', 'Kompleks Perkantoran kel. Wanggudu Kec. Asera', NULL, NULL),
	(13, 'DINAS LINGKUNGAN HIDUP', 'DINAS LINGKUNGAN HIDUP', NULL, NULL),
	(14, 'DINAS KEPENDUDUKAN DAN PENCATATAN SIPIL', 'dinas kependudukan dan pencatatan sipil', NULL, NULL),
	(15, 'DINAS PEMBERDAYAAN MASYARAKAT DAN DESA', '197709091998031006', NULL, NULL),
	(16, 'DINAS PERHUBUNGAN', 'desa lahimbua', NULL, NULL),
	(17, 'DINAS KOMUNIKASI DAN INFORMATIKA', 'Jl', NULL, NULL),
	(18, 'DINAS KOPERASI, USAHA MIKRO, KECIL DAN MENENGAH', 'Kompleks Perkantoran Pemda Kab. Konawe Utara Kelurahan Wanggudu Kecamatan Asera Kab. Konawe Utara', NULL, NULL),
	(19, 'DINAS PERDAGANGAN DAN PERINDUSTRIAN', 'kompleks perkantoran wanggudu', NULL, NULL),
	(20, 'DINAS PENANAMAN MODAL DAN PELAYANAN TERPADU SATU PINTU', '', NULL, NULL),
	(21, 'DINAS KEPEMUDAAN DAN OLAHRAGA', 'Kompleks Perkantoran Kel. Wanggudu Kec. Asera', NULL, NULL),
	(22, 'DINAS PERPUSTAKAAN DAERAH', '', NULL, NULL),
	(23, 'DINAS PERIKANAN DAN KELAUTAN', 'Kompleks Perkantoran Bupati Konawe Utara Kel. Wanggudu Kec. Asera ', NULL, NULL),
	(24, 'DINAS PARIWISATA', 'Komplex Perkantoran Wanggudu Kelurahan Wanggudu Kecamatan Asera Kabupaten Konawe Utara', NULL, NULL),
	(25, 'DINAS TANAMAN PANGAN DAN PETERNAKAN', '', NULL, NULL),
	(26, 'SATUAN POLISI PAMONG PRAJA', ' bagian kerja sama kabupaten konawe utara', NULL, NULL),
	(27, 'DINAS PEMADAM KEBAKARAN DAN PENYELAMATAN', 'Jln. Transtimur sulawesi Kompleks Perkantoran Pemda Kab. Konawe Utara', NULL, NULL),
	(28, 'DINAS PERUMAHAN DAN KAWASAN PERMUKIMAN', 'kompleks perkantoran kelurahan wanggudu', NULL, NULL),
	(29, 'DINAS PERKEBUNAN DAN HORTIKULTURA', 'Dinas perkebunan', NULL, NULL),
	(30, 'BADAN PERENCANAAN PEMBANGUNAN DAERAH', 'Jln Trans Sulawesi Kompleks Perkantoran Kabupaten Konawe Utara ', NULL, NULL),
	(31, 'BADAN KEPEGAWAIAN DAN PENGEMBANGAN SUMBER DAYA MANUSIA', 'PERKANTORAN WANGGUDU', NULL, NULL),
	(32, 'BADAN KEUANGAN DAN ASET DAERAH', 'PERKANTORAN WANGGUDU', NULL, NULL),
	(33, 'BADAN PENDAPATAN DAERAH', 'wanggudu', NULL, NULL),
	(34, 'BADAN PENANGGULANGAN BENCANA DAERAH', 'kelurahan wanggudu', NULL, NULL),
	(35, 'BADAN KESATUAN BANGSA DAN POLITIK', '', NULL, NULL),
	(36, 'RUMAH SAKIT UMUM DAERAH', '', NULL, NULL),
	(37, 'KECAMATAN SAWA', '', NULL, NULL),
	(38, 'KECAMATAN LEMBO', 'Kecamatan Lembo', NULL, NULL),
	(39, 'KECAMATAN LASOLO', 'kecamatan lasolo', NULL, NULL),
	(40, 'KECAMATAN MOLAWE', 'KECAMATAN MOLAWE', NULL, NULL),
	(41, 'KECAMATAN ANDOWIA', 'Jl. Pelabuhan Kelurahan Andowia Kab.Konawe Utara', NULL, NULL),
	(42, 'KECAMATAN ASERA', '', NULL, NULL),
	(43, 'KECAMATAN OHEO', 'KECAMATAN OHEO', NULL, NULL),
	(44, 'KECAMATAN LANGGIKIMA', '', NULL, NULL),
	(45, 'KECAMATAN WIWIRANO', 'Wiwirano', NULL, NULL),
	(46, 'KECAMATAN LANDAWE', 'kecamatan landawe', NULL, NULL),
	(47, 'KECAMATAN WAWOLESEA', 'DESA WAWOLESEA', NULL, NULL),
	(48, 'KECAMATAN LASOLO KEPULAUAN', '', NULL, NULL),
	(49, 'KELURAHAN ANDOWIA', '', NULL, NULL),
	(50, 'KELURAHAN ASERA', 'Asera', NULL, NULL),
	(51, 'KELURAHAN WANGGUDU', 'Kelurahan Wanggudu', NULL, NULL),
	(52, 'KELURAHAN LEMBO', '', NULL, NULL),
	(53, 'KELURAHAN MOLAWE', '', NULL, NULL),
	(54, 'KELURAHAN BENDE', 'KEL. BENDE', NULL, NULL),
	(55, 'KELURAHAN LINOMOIYO', 'Linomoiyo', NULL, NULL),
	(56, 'KELURAHAN SAWA', '', NULL, NULL),
	(57, 'KELURAHAN LAMONAE', '', NULL, NULL),
	(58, 'KB AL IKHWAN', '', NULL, NULL),
	(59, 'KB AL-ATHAR', '', NULL, NULL),
	(60, 'KB AN-NUR', '', NULL, NULL),
	(61, 'KB ANAWAY', '', NULL, NULL),
	(62, 'KB ANAWONUA', '', NULL, NULL),
	(63, 'KB BERKARYA', '', NULL, NULL),
	(64, 'KB BINTANG LAUT', '', NULL, NULL),
	(65, 'KB CAHAYA SUCI', '', NULL, NULL),
	(66, 'KB CERIA', '', NULL, NULL),
	(67, 'KB CIKAL BANGSA', '', NULL, NULL),
	(68, 'KB EMBUN PAGI', '', NULL, NULL),
	(69, 'KB INTAN KASIH', '', NULL, NULL),
	(70, 'KB LESTARI', '', NULL, NULL),
	(71, 'KB MAWAR', '', NULL, NULL),
	(72, 'KB MINANGA', '', NULL, NULL),
	(73, 'KB MUTIARA BUNDA', '', NULL, NULL),
	(74, 'KB MYTHA DJ', '', NULL, NULL),
	(75, 'KB NUR RAHMA', '', NULL, NULL),
	(76, 'KB NURFADILLAH', '', NULL, NULL),
	(77, 'KB OHEO JAYA', 'OHEO', NULL, NULL),
	(78, 'KB PERMATA BUNDA', '', NULL, NULL),
	(79, 'NUR PARIAMA', '', NULL, NULL),
	(80, 'PAUD ANAWAI TIM PENGGERAK PKK KAB. KONAWE UTARA', '', NULL, NULL),
	(81, 'PAUD HARAPAN BARU', '', NULL, NULL),
	(82, 'PAUD HARAPAN BUNDA', '', NULL, NULL),
	(83, 'PAUD KB AL HIJRANA', '', NULL, NULL),
	(84, 'PAUD KB ANAWULA', '', NULL, NULL),
	(85, 'PAUD KB BUNGGULAWA', '', NULL, NULL),
	(86, 'PAUD KB MEOHAI', '', NULL, NULL),
	(87, 'PAUD LIPU MONAPA', '', NULL, NULL),
	(88, 'PAUD MANDARA', '', NULL, NULL),
	(89, 'PAUD MEDULU MEPOKOASO', '', NULL, NULL),
	(90, 'PAUD MEMBIRI', '', NULL, NULL),
	(91, 'PAUD TK ANAWAI', '', NULL, NULL),
	(92, 'PAUD TK ASMA JAYA', '', NULL, NULL),
	(93, 'PAUD TK AZ ZAHRA', '', NULL, NULL),
	(94, 'PAUD TK BUNGA BANGSA', '', NULL, NULL),
	(95, 'PAUD TK BUNGA TANJUNG', '', NULL, NULL),
	(96, 'PAUD TK DURIA TINONDO', '', NULL, NULL),
	(97, 'PAUD TK HARAPAN BARU', '', NULL, NULL),
	(98, 'PAUD TK MANDIRI', '', NULL, NULL),
	(99, 'PAUD TK MEDULU', '', NULL, NULL),
	(100, 'PAUD TK MEKAR SARI', '', NULL, NULL),
	(101, 'PAUD TK MORINI', '', NULL, NULL),
	(102, 'PAUD TK MOWUNDO JAYA', '', NULL, NULL),
	(103, 'PAUD TK MUTIARA BAHARI', '', NULL, NULL),
	(104, 'PAUD TK NUR ALIYAH', '', NULL, NULL),
	(105, 'PAUD TK NUR FAJAR', '', NULL, NULL),
	(106, 'PAUD TK NURUL IMAN', '', NULL, NULL),
	(107, 'PAUD TK NURUL JANNAH', '', NULL, NULL),
	(108, 'PAUD TK NUSA INDAH', '', NULL, NULL),
	(109, 'PAUD TK PANTAI INDAH', '', NULL, NULL),
	(110, 'PAUD TK PERTIWI', '', NULL, NULL),
	(111, 'PAUD TK PUUSIAMBU', '', NULL, NULL),
	(112, 'PAUD TK SANGGULA', '', NULL, NULL),
	(113, 'PAUD TK SATAP LASOLO', 'LASOLO', NULL, NULL),
	(114, 'PAUD TK TERATAI', '', NULL, NULL),
	(115, 'PAUD TK TERUMBU KARANG', '', NULL, NULL),
	(116, 'PAUD TK TONGALINO', '', NULL, NULL),
	(117, 'PAUD TK WATUMENGGAA', 'DESA LAHIMBUA', NULL, NULL),
	(118, 'PAUD TK WISATA TANJUNG TAIPA', '', NULL, NULL),
	(119, 'PAUD TK WOIKONGGO', '', NULL, NULL),
	(120, 'PKBM ANA WONUA', '', NULL, NULL),
	(121, 'PKBM ANALIPU', '', NULL, NULL),
	(122, 'PKBM ARAHMAN', '', NULL, NULL),
	(123, 'PKBM BINA INSANI', '', NULL, NULL),
	(124, 'PKBM BUNGGULAWA', '', NULL, NULL),
	(125, 'PKBM CAHAYA PERTIWI', '', NULL, NULL),
	(126, 'PKBM HARAPAN BARU', '', NULL, NULL),
	(127, 'PKBM HARAPAN BARU', '', NULL, NULL),
	(128, 'PKBM HARAPAN SUKSES GEMILANG', '', NULL, NULL),
	(129, 'PKBM LIPU MONAPA', '', NULL, NULL),
	(130, 'PKBM MEDULU MEPOKOASO', '', NULL, NULL),
	(131, 'PKBM MONAPA', '', NULL, NULL),
	(132, 'PKBM MUTIARA BAHARI', '', NULL, NULL),
	(133, 'PKBM PESISIR', '', NULL, NULL),
	(134, 'PKBM RUMPUT LAUT', '', NULL, NULL),
	(135, 'PKBM SANGIA OHEO', 'OHEO', NULL, NULL),
	(136, 'PKBM TUNAS HARAPAN', '', NULL, NULL),
	(137, 'PKBM WUTA MONAPA', '', NULL, NULL),
	(138, 'TK AISIYAH BUSTANUL AHTFA', '', NULL, NULL),
	(139, 'TK AL AMIN', '', NULL, NULL),
	(140, 'TK AL HIKMAH', '', NULL, NULL),
	(141, 'TK AL KHAIRAAT', '', NULL, NULL),
	(142, 'TK ANA MOKOLE', '', NULL, NULL),
	(143, 'TK ANANDEPULE', '', NULL, NULL),
	(144, 'TK ANAWAI', '', NULL, NULL),
	(145, 'TK ANDEDAO', '', NULL, NULL),
	(146, 'TK ASMAUL HASANAH', '', NULL, NULL),
	(147, 'TK BAHARI MANDIRI', '', NULL, NULL),
	(148, 'TK BAKTI PERTIWI', '', NULL, NULL),
	(149, 'TK BINA KASIH', '', NULL, NULL),
	(150, 'TK CEMPAKA', '', NULL, NULL),
	(151, 'TK CERIA ANAWAI', '', NULL, NULL),
	(152, 'TK Hangtuah', '', NULL, NULL),
	(153, 'TK HATI MULIA', '', NULL, NULL),
	(154, 'TK INSANI TAQWA', '', NULL, NULL),
	(155, 'TK KARYA BAHARI', '', NULL, NULL),
	(156, 'TK KONASARA (LINOMOIYO)', '', NULL, NULL),
	(157, 'TK KONASARA (BARASANGA)', '', NULL, NULL),
	(158, 'TK KOTA MULIA', '', NULL, NULL),
	(159, 'TK LABENGKI ISLAND', '', NULL, NULL),
	(160, 'TK LANGGIKIMA', 'LANGGIKIMA', NULL, NULL),
	(161, 'TK LASULE JAYA', '', NULL, NULL),
	(162, 'TK LUMBUNG PADI', '', NULL, NULL),
	(163, 'TK MANDESE JAYA', '', NULL, NULL),
	(164, 'TK MAWAR', '', NULL, NULL),
	(165, 'TK MINANGA', '', NULL, NULL),
	(166, 'TK MUTIARA BUNDA', '', NULL, NULL),
	(167, 'TK NEGERI OHEO', 'OHEO', NULL, NULL),
	(168, 'TK NEGERI PEMBINA MELATI MEKAR', '', NULL, NULL),
	(169, 'TK NEGERI SAMATURU', '', NULL, NULL),
	(170, 'TK NUR LAMOTIA', '', NULL, NULL),
	(171, 'TK NUR SAUALA', '', NULL, NULL),
	(172, 'TK NUR WATUKILA', '', NULL, NULL),
	(173, 'TK NURUL ASRI', '', NULL, NULL),
	(174, 'TK NURUL HIDAYAH', '', NULL, NULL),
	(175, 'TK OHEO TRANS', 'OHEO', NULL, NULL),
	(176, 'TK PAUD NUR ASWAD', '', NULL, NULL),
	(177, 'TK PAUD WENSANGIA', '', NULL, NULL),
	(178, 'TK PELANGI', '', NULL, NULL),
	(179, 'TK PEMBINA KAB. KONAWE UTARA', '', NULL, NULL),
	(180, 'TK PERMATA BUNDA', '', NULL, NULL),
	(181, 'TK POMBUPU ANAWULA', '', NULL, NULL),
	(182, 'TK SANGGULA', '', NULL, NULL),
	(183, 'TK SATAP AMOROME', '', NULL, NULL),
	(184, 'TK SATAP BANDAEHA', '', NULL, NULL),
	(185, 'TK SATAP MANDIODO', '', NULL, NULL),
	(186, 'TK SATAP MOROMBO PANTAI', '', NULL, NULL),
	(187, 'TK SATAP OTOLE KEC. LASOLO', 'LASOLO', NULL, NULL),
	(188, 'TK SATAP PUULEMO', '', NULL, NULL),
	(189, 'TK TAPUWATU', '', NULL, NULL),
	(190, 'TK TERPADU MEKAR', '', NULL, NULL),
	(191, 'TK TUNAS HARAPAN (Kapolano)', '', NULL, NULL),
	(192, 'TK TUNAS HARAPAN (Toreo)', '', NULL, NULL),
	(193, 'TK TUNAS MULYA', '', NULL, NULL),
	(194, 'TK TUNAS PERMATA', '', NULL, NULL),
	(195, 'TK WELIPAU', '', NULL, NULL),
	(196, 'TK WULELE SANGGULA', '', NULL, NULL),
	(197, 'TK YAA BUNAYYA HIDAYATULLAH', '', NULL, NULL),
	(198, 'SD NEGERI 1 ANDOWIA', 'Andowia', NULL, NULL),
	(199, 'SD NEGERI 1 ASERA', 'ASERA', NULL, NULL),
	(200, 'SD NEGERI 1 LANDAWE', 'Landawe', NULL, NULL),
	(201, 'SD NEGERI 1 LANGGIKIMA', 'LANGGIKIMA', NULL, NULL),
	(202, 'SD NEGERI 1 LASOLO', 'LASOLO', NULL, NULL),
	(203, 'SD NEGERI 1 LASOLO KEPULAUAN', 'LASOLO', NULL, NULL),
	(204, 'SD NEGERI 1 LEMBO', 'LEMBO', NULL, NULL),
	(205, 'SD NEGERI 1 MOLAWE', 'MOLAWE', NULL, NULL),
	(206, 'SD NEGERI 1 MOTUI', 'MOTUI', NULL, NULL),
	(207, 'SD NEGERI 1 OHEO', 'OHEO', NULL, NULL),
	(208, 'SD NEGERI 1 SAWA', 'SAWA', NULL, NULL),
	(209, 'SD NEGERI 1 WAWOLESEA', 'WAWOLESEA', NULL, NULL),
	(210, 'SD NEGERI 1 WIWIRANO', 'WIWIRANO', NULL, NULL),
	(211, 'SD NEGERI 10 ASERA', 'ASERA', NULL, NULL),
	(212, 'SD NEGERI 10 WIWIRANO', 'WIWIRANO', NULL, NULL),
	(213, 'SD NEGERI 11 ASERA', 'ASERA', NULL, NULL),
	(214, 'SD NEGERI 12 ASERA', 'ASERA', NULL, NULL),
	(215, 'SD NEGERI 2 ANDOWIA', '', NULL, NULL),
	(216, 'SD NEGERI 2 ASERA', 'ASERA', NULL, NULL),
	(217, 'SD NEGERI 2 LANDAWE', 'LANDAWE', NULL, NULL),
	(218, 'SD NEGERI 2 LANGGIKIMA', 'LANGGIKIMA', NULL, NULL),
	(219, 'SD NEGERI 2 LASOLO', 'LASOLO', NULL, NULL),
	(220, 'SD NEGERI 2 LASOLO KEPULAUAN', 'LASOLO', NULL, NULL),
	(221, 'SD NEGERI 2 LEMBO', 'LEMBO', NULL, NULL),
	(222, 'SD NEGERI 2 MOLAWE', 'MOLAWE', NULL, NULL),
	(223, 'SD NEGERI 2 MOTUI', 'MOTUI', NULL, NULL),
	(224, 'SD NEGERI 2 OHEO', 'OHEO', NULL, NULL),
	(225, 'SD NEGERI 2 SAWA', 'SAWA', NULL, NULL),
	(226, 'SD NEGERI 2 WAWOLESEA', 'WAWOLESEA', NULL, NULL),
	(227, 'SD NEGERI 2 WIWIRANO', 'WIWIRANO', NULL, NULL),
	(228, 'SD NEGERI 3 ANDOWIA', 'kompleks perkantorankelurahan wanggudu', NULL, NULL),
	(229, 'SD NEGERI 3 ASERA', 'ASERA', NULL, NULL),
	(230, 'SD NEGERI 3 LANDAWE', 'LANDAWE', NULL, NULL),
	(231, 'SD NEGERI 3 LANGGIKIMA', 'LANGGIKIMA', NULL, NULL),
	(232, 'SD NEGERI 3 LASOLO', 'LASOLO', NULL, NULL),
	(233, 'SD NEGERI 3 LASOLO KEPULAUAN', 'LASOLO', NULL, NULL),
	(234, 'SD NEGERI 3 LEMBO', 'LEMBO', NULL, NULL),
	(235, 'SD NEGERI 3 MOLAWE', 'MOLAWE', NULL, NULL),
	(236, 'SD NEGERI 3 MOTUI', 'MOTUI', NULL, NULL),
	(237, 'SD NEGERI 3 OHEO', 'OHEO', NULL, NULL),
	(238, 'SD NEGERI 3 SAWA', 'SAWA', NULL, NULL),
	(239, 'SD NEGERI 3 WAWOLESEA', 'WAWOLESEA', NULL, NULL),
	(240, 'SD NEGERI 3 WIWIRANO', 'WIWIRANO', NULL, NULL),
	(241, 'SD NEGERI 4 ANDOWIA', '', NULL, NULL),
	(242, 'SD NEGERI 4 ASERA', 'ASERA', NULL, NULL),
	(243, 'SD NEGERI 4 LANDAWE', 'LANDAWE', NULL, NULL),
	(244, 'SD NEGERI 4 LANGGIKIMA', 'LANGGIKIMA', NULL, NULL),
	(245, 'SD NEGERI 4 LASOLO', 'LASOLO', NULL, NULL),
	(246, 'SD NEGERI 4 LASOLO KEPULAUAN', 'LASOLO', NULL, NULL),
	(247, 'SD NEGERI 4 LEMBO', 'LEMBO', NULL, NULL),
	(248, 'SD NEGERI 4 MOLAWE', 'MOLAWE', NULL, NULL),
	(249, 'SD NEGERI 4 MOTUI', 'MOTUI', NULL, NULL),
	(250, 'SD NEGERI 4 OHEO', 'OHEO', NULL, NULL),
	(251, 'SD NEGERI 4 SAWA', 'SAWA', NULL, NULL),
	(252, 'SD NEGERI 4 WAWOLESEA', 'WAWOLESEA', NULL, NULL),
	(253, 'SD NEGERI 4 WIWIRANO', 'WIWIRANO', NULL, NULL),
	(254, 'SD NEGERI 5 ANDOWIA', '', NULL, NULL),
	(255, 'SD NEGERI 5 ASERA', 'ASERA', NULL, NULL),
	(256, 'SD NEGERI 5 LANDAWE', 'LANDAWE', NULL, NULL),
	(257, 'SD NEGERI 5 LANGGIKIMA', 'LANGGIKIMA', NULL, NULL),
	(258, 'SD NEGERI 5 LASOLO', 'LASOLO', NULL, NULL),
	(259, 'SD NEGERI 5 LASOLO KEPULAUAN', 'LASOLO', NULL, NULL),
	(260, 'SD NEGERI 5 LEMBO', 'LEMBO', NULL, NULL),
	(261, 'SD NEGERI 5 MOLAWE', 'MOLAWE', NULL, NULL),
	(262, 'SD NEGERI 5 MOTUI', 'MOTUI', NULL, NULL),
	(263, 'SD NEGERI 5 OHEO', 'OHEO', NULL, NULL),
	(264, 'SD NEGERI 5 SAWA', 'SAWA', NULL, NULL),
	(265, 'SD NEGERI 5 WAWOLESEA', 'WAWOLESEA', NULL, NULL),
	(266, 'SD NEGERI 5 WIWIRANO', 'WIWIRANO', NULL, NULL),
	(267, 'SD NEGERI 6 ANDOWIA', '', NULL, NULL),
	(268, 'SD NEGERI 6 ASERA', 'DESA WANGGUDU RAYA', NULL, NULL),
	(269, 'SD NEGERI 6 LANDAWE', 'LANDAWE', NULL, NULL),
	(270, 'SD NEGERI 6 LANGGIKIMA', 'LANGGIKIMA', NULL, NULL),
	(271, 'SD NEGERI 6 LASOLO', 'LASOLO', NULL, NULL),
	(272, 'SD NEGERI 6 LASOLO KEPULAUAN', 'LASOLO', NULL, NULL),
	(273, 'SD NEGERI 6 LEMBO', 'LEMBO', NULL, NULL),
	(274, 'SD NEGERI 6 MOLAWE', 'MOLAWE', NULL, NULL),
	(275, 'SD NEGERI 6 MOTUI', 'MOTUI', NULL, NULL),
	(276, 'SD NEGERI 6 OHEO', 'OHEO', NULL, NULL),
	(277, 'SD NEGERI 6 SAWA', 'SAWA', NULL, NULL),
	(278, 'SD NEGERI 6 WIWIRANO', 'WIWIRANO', NULL, NULL),
	(279, 'SD NEGERI 7 ANDOWIA', '', NULL, NULL),
	(280, 'SD NEGERI 7 ASERA', 'ASERA', NULL, NULL),
	(281, 'SD NEGERI 7 LANDAWE', 'LANDAWE', NULL, NULL),
	(282, 'SD NEGERI 7 LANGGIKIMA', 'LANGGIKIMA', NULL, NULL),
	(283, 'SD NEGERI 7 LASOLO', 'LASOLO', NULL, NULL),
	(284, 'SD NEGERI 7 LASOLO KEPULAUAN', 'LASOLO', NULL, NULL),
	(285, 'SD NEGERI 7 LEMBO', 'LEMBO', NULL, NULL),
	(286, 'SD NEGERI 7 MOLAWE', 'MOLAWE', NULL, NULL),
	(287, 'SD NEGERI 7 MOTUI', 'MOTUI', NULL, NULL),
	(288, 'SD NEGERI 7 OHEO', 'OHEO', NULL, NULL),
	(289, 'SD NEGERI 7 SAWA', 'SAWA', NULL, NULL),
	(290, 'SD NEGERI 7 WIWIRANO', 'WIWIRANO', NULL, NULL),
	(291, 'SD NEGERI 8 ANDOWIA', '', NULL, NULL),
	(292, 'SD NEGERI 8 ASERA', 'ASERA', NULL, NULL),
	(293, 'SD NEGERI 8 LASOLO', 'LASOLO', NULL, NULL),
	(294, 'SD NEGERI 8 LEMBO', 'LEMBO', NULL, NULL),
	(295, 'SD NEGERI 8 MOLAWE', 'MOLAWE', NULL, NULL),
	(296, 'SD NEGERI 8 MOTUI', 'MOTUI', NULL, NULL),
	(297, 'SD NEGERI 8 OHEO', 'OHEO', NULL, NULL),
	(298, 'SD NEGERI 8 WIWIRANO', 'WIWIRANO', NULL, NULL),
	(299, 'SD NEGERI 9 ASERA', 'ASERA', NULL, NULL),
	(300, 'SD NEGERI 9 OHEO', 'OHEO', NULL, NULL),
	(301, 'SD NEGERI 9 WIWIRANO', 'WIWIRANO', NULL, NULL),
	(302, 'SKB KONAWE UTARA', '', NULL, NULL),
	(303, 'SMP ISLAM UMMUL QURAA', '', NULL, NULL),
	(304, 'SMP NEGERI 1 ANDOWIA', 'Andowia', NULL, NULL),
	(305, 'SMP NEGERI 1 ASERA', 'ASERA', NULL, NULL),
	(306, 'SMP NEGERI 1 LANDAWE', 'LANDAWE', NULL, NULL),
	(307, 'SMP NEGERI 1 LANGGIKIMA', 'LANGGIKIMA', NULL, NULL),
	(308, 'SMP NEGERI 1 LASOLO', 'LASOLO', NULL, NULL),
	(309, 'SMP NEGERI 1 LEMBO', 'LEMBO', NULL, NULL),
	(310, 'SMP NEGERI 1 MOLAWE', 'MOLAWE', NULL, NULL),
	(311, 'SMP NEGERI 1 MOTUI', 'MOTUI', NULL, NULL),
	(312, 'SMP NEGERI 1 OHEO', 'OHEO', NULL, NULL),
	(313, 'SMP NEGERI 1 SATAP ANDOWIA', '', NULL, NULL),
	(314, 'SMP NEGERI 1 SAWA', 'SAWA', NULL, NULL),
	(315, 'SMP NEGERI 1 WAWOLESEA', 'WAWOLESEA', NULL, NULL),
	(316, 'SMP NEGERI 1 WIWIRANO', 'WIWIRANO', NULL, NULL),
	(317, 'SMP NEGERI 2 ASERA', 'ASERA', NULL, NULL),
	(318, 'SMP NEGERI 2 LEMBO', 'LEMBO', NULL, NULL),
	(319, 'SMP NEGERI 2 MOLAWE', 'MOLAWE', NULL, NULL),
	(320, 'SMP NEGERI 2 MOTUI', 'MOTUI', NULL, NULL),
	(321, 'SMP NEGERI 2 OHEO', 'OHEO', NULL, NULL),
	(322, 'SMP NEGERI 3 ASERA', 'ASERA', NULL, NULL),
	(323, 'SMP NEGERI 3 WIWIRANO', 'WIWIRANO', NULL, NULL),
	(324, 'SMP NEGERI SATAP 1 LASOLO KEPULAUAN', 'LASOLO', NULL, NULL),
	(325, 'SMP NEGERI SATAP 2 LANGGIKIMA', 'LANGGIKIMA', NULL, NULL),
	(326, 'SMP NEGERI SATAP 2 LASOLO KEPULAUAN', 'LASOLO', NULL, NULL),
	(327, 'SMP NEGERI SATAP 3 LANGGIKIMA', 'LANGGIKIMA', NULL, NULL),
	(328, 'SMP NEGERI SATAP 3 WIWIRANO', 'WIWIRANO', NULL, NULL),
	(329, 'SMP NEGERI SATAP 4 LASOLO KEPULAUAN', 'LASOLO', NULL, NULL),
	(330, 'SMP NEGERI SATAP 4 MOLAWE', 'MOLAWE', NULL, NULL),
	(331, 'SMP NEGERI SATAP 4 SAWA', 'SAWA', NULL, NULL),
	(332, 'SMP NEGERI SATAP 5 LANDAWE', 'LANDAWE', NULL, NULL),
	(333, 'SMP NEGERI SATAP 5 LASOLO KEPULAUAN', 'LASOLO', NULL, NULL),
	(334, 'SMP NEGERI SATAP 6 MOTUI', 'MOTUI', NULL, NULL),
	(335, 'SMP NEGERI SATAP 7 OHEO', 'OHEO', NULL, NULL),
	(336, 'SMP NEGERI SATAP 8 ASERA', 'ASERA', NULL, NULL),
	(337, 'SMP NEGERI SATAP AMOROME', '', NULL, NULL),
	(338, 'SMPN SATAP 2 PADALERE UTAMA', '', NULL, NULL),
	(339, 'Puskesmas Lamparinga', 'Kel. Lamonae', NULL, NULL),
	(340, 'Puskesmas Hialu', 'Puskesmas hialu', NULL, NULL),
	(341, 'Puskesmas Langgikima', 'PUSKESMAS LANGGIKIMA', NULL, NULL),
	(342, 'Puskesmas Landawe', 'PUSKESMAS LANDAWE', NULL, NULL),
	(343, 'Puskesmas Asera', 'asera', NULL, NULL),
	(344, 'Puskesmas Andowia', 'ANDOWIA', NULL, NULL),
	(345, 'Puskesmas Molawe', '', NULL, NULL),
	(346, 'Puskesmas Tapunggaya', '', NULL, NULL),
	(347, 'Puskesmas Lasolo', 'LASOLO', NULL, NULL),
	(348, 'Puskesmas Lembo', 'puskesmas lembo', NULL, NULL),
	(349, 'Puskesmas Sawa', 'PUSKESMAS SAWA', NULL, NULL),
	(350, 'Puskesmas Matandahi', 'Kecamatan Motui', NULL, NULL),
	(351, 'Puskesmas Wawolesea', '', NULL, NULL),
	(352, 'Puskesmas Motui', 'DESA RANOMBUPULU, KEC. MOTUI, KAB. KONAWE UTARA', NULL, NULL),
	(353, 'Puskesmas Lasolo Kepulauan', 'Desa Boenaga', NULL, NULL),
	(354, 'Puskesmas Andeo', '', NULL, NULL),
	(355, 'Puskesmas Laronanga Pantai', '', NULL, NULL),
	(356, 'Puskesmas Wanggudu Raya', 'Desa Wanggudu Raya, Kecamatan Asera, Kabupaten Konawe Utara', NULL, NULL),
	(357, 'Puskesmas Oheo', 'Kel. Linomoiyo', NULL, NULL),
	(358, 'Puskesmas Paka Indah', 'Desa Paka Indah, Kec. Oheo, Kab. Konawe Utara', NULL, NULL),
	(359, 'Puskesmas Langgikima Pesisir', 'Desa Tobimeita', NULL, NULL),
	(360, 'Puskesmas Tetewatu', 'Desa Tetewatu', NULL, NULL),
	(361, 'Bagian Tata Pemerintahan', 'Asera', NULL, NULL),
	(362, 'Bagian Kesejahteraan Rakyat', 'Asera', NULL, NULL),
	(363, 'Bagian Hukum', 'Kompleks Perkantoran Bupati Kel. Wanggudu, Kec. Asera', NULL, NULL),
	(364, 'Bagian Kerjasama', 'Asera', NULL, NULL),
	(365, 'Bagian Perekonomian', 'Asera', NULL, NULL),
	(366, 'Bagian Sumber Daya Alam', 'Asera', NULL, NULL),
	(367, 'Bagian Administrasi Pembangunan', 'PERKANTORAN WANGGUDU', NULL, NULL),
	(368, 'Bagian Pengadaan Barang dan Jasa', 'Kompleks Perkantoran Kel. Wanggudu Kec. Asera Kab. Konawe Utara', NULL, NULL),
	(369, 'Bagian Organisasi', 'PERKANTORAN WANGGUDU', NULL, NULL),
	(370, 'Bagian Umum', 'Asera', NULL, NULL),
	(371, 'Bagian Protokol dan Komunikasi Pimpinan', 'Asera', NULL, NULL),
	(372, 'Bagian Perencanaan Keuangan', 'Kompleks. Perkantoran Pemda Konawe Utara Kel. Wanggudu-Asera', NULL, NULL),
	(373, 'PAUD TK AL AMIN TINOBU', 'LASOLO', NULL, NULL),
	(374, 'KECAMATAN MOTUI', 'KONAWE UTARA', NULL, NULL),
	(375, 'KELURAHAN LANGGIKIMA', 'Kelurahan Langgikima', NULL, NULL),
	(376, 'KELURAHAN TINOBU', 'KELURAHAN TINOBU', NULL, NULL);
/*!40000 ALTER TABLE `offices` ENABLE KEYS */;

-- membuang struktur untuk table db_psc_119.password_resets
CREATE TABLE IF NOT EXISTS `password_resets` (
  `email` varchar(191) COLLATE utf8mb4_unicode_ci NOT NULL,
  `token` varchar(191) COLLATE utf8mb4_unicode_ci NOT NULL,
  `created_at` timestamp NULL DEFAULT NULL,
  KEY `password_resets_email_index` (`email`)
) ENGINE=InnoDB DEFAULT CHARSET=utf8mb4 COLLATE=utf8mb4_unicode_ci;

-- Membuang data untuk tabel db_psc_119.password_resets: ~0 rows (lebih kurang)
/*!40000 ALTER TABLE `password_resets` DISABLE KEYS */;
INSERT INTO `password_resets` (`email`, `token`, `created_at`) VALUES
	('adri.saputra.ibrahim@gmail.com', '$2y$10$1ZCbChwlh1RE.Fl3G0zoje4PR2GtxKM9Nzrrdq2IG1kO1Nv6gKupC', '2022-03-01 11:06:40');
/*!40000 ALTER TABLE `password_resets` ENABLE KEYS */;

-- membuang struktur untuk table db_psc_119.personal_access_tokens
CREATE TABLE IF NOT EXISTS `personal_access_tokens` (
  `id` bigint(20) unsigned NOT NULL AUTO_INCREMENT,
  `tokenable_type` varchar(191) COLLATE utf8mb4_unicode_ci NOT NULL,
  `tokenable_id` bigint(20) unsigned NOT NULL,
  `name` varchar(191) COLLATE utf8mb4_unicode_ci NOT NULL,
  `token` varchar(64) COLLATE utf8mb4_unicode_ci NOT NULL,
  `abilities` text COLLATE utf8mb4_unicode_ci,
  `last_used_at` timestamp NULL DEFAULT NULL,
  `created_at` timestamp NULL DEFAULT NULL,
  `updated_at` timestamp NULL DEFAULT NULL,
  PRIMARY KEY (`id`),
  UNIQUE KEY `personal_access_tokens_token_unique` (`token`),
  KEY `personal_access_tokens_tokenable_type_tokenable_id_index` (`tokenable_type`,`tokenable_id`)
) ENGINE=InnoDB DEFAULT CHARSET=utf8mb4 COLLATE=utf8mb4_unicode_ci;

-- Membuang data untuk tabel db_psc_119.personal_access_tokens: ~0 rows (lebih kurang)
/*!40000 ALTER TABLE `personal_access_tokens` DISABLE KEYS */;
/*!40000 ALTER TABLE `personal_access_tokens` ENABLE KEYS */;

-- membuang struktur untuk table db_psc_119.sessions
CREATE TABLE IF NOT EXISTS `sessions` (
  `id` varchar(191) COLLATE utf8mb4_unicode_ci NOT NULL,
  `user_id` bigint(20) unsigned DEFAULT NULL,
  `ip_address` varchar(45) COLLATE utf8mb4_unicode_ci DEFAULT NULL,
  `user_agent` text COLLATE utf8mb4_unicode_ci,
  `payload` text COLLATE utf8mb4_unicode_ci NOT NULL,
  `last_activity` int(11) NOT NULL,
  PRIMARY KEY (`id`),
  KEY `sessions_user_id_index` (`user_id`),
  KEY `sessions_last_activity_index` (`last_activity`)
) ENGINE=InnoDB DEFAULT CHARSET=utf8mb4 COLLATE=utf8mb4_unicode_ci;

-- Membuang data untuk tabel db_psc_119.sessions: ~1 rows (lebih kurang)
/*!40000 ALTER TABLE `sessions` DISABLE KEYS */;
INSERT INTO `sessions` (`id`, `user_id`, `ip_address`, `user_agent`, `payload`, `last_activity`) VALUES
	('qY1YDvrROQr1atXFZ7Nf2CKn5vyg5eeyBDVelfHb', 0, '::1', 'Mozilla/5.0 (Windows NT 10.0; Win64; x64) AppleWebKit/537.36 (KHTML, like Gecko) Chrome/107.0.0.0 Safari/537.36', 'YTo1OntzOjY6Il90b2tlbiI7czo0MDoid0FZUWYzNXB1em5WQ043SnE5TmRNVXNoUFM2bzgzSHVsVTBWYTlMNSI7czo5OiJfcHJldmlvdXMiO2E6MTp7czozOiJ1cmwiO3M6MzQ6Imh0dHA6Ly9sb2NhbGhvc3QvcHNjLTExOS9hbWJ1bGFuY2UiO31zOjY6Il9mbGFzaCI7YToyOntzOjM6Im9sZCI7YTowOnt9czozOiJuZXciO2E6MDp7fX1zOjUwOiJsb2dpbl93ZWJfNTliYTM2YWRkYzJiMmY5NDAxNTgwZjAxNGM3ZjU4ZWE0ZTMwOTg5ZCI7czozNjoiZGE4MjQ4ZWMtMTQxNC00M2Y0LTk1YzAtZWI5NDRjYjdiMTY4IjtzOjE3OiJwYXNzd29yZF9oYXNoX3dlYiI7czo2MDoiJDJ5JDEwJHVkVEE2Ny5jeDN2cldHNERDZThxci4zZ2tVbzRpcXh3U0JnY1p6VWRrUUNtb2dFaGVtY2wuIjt9', 1668048891);
/*!40000 ALTER TABLE `sessions` ENABLE KEYS */;

-- membuang struktur untuk table db_psc_119.settings
CREATE TABLE IF NOT EXISTS `settings` (
  `id` int(11) NOT NULL AUTO_INCREMENT,
  `application_name` varchar(200) COLLATE utf8mb4_unicode_ci DEFAULT NULL,
  `short_application_name` varchar(200) COLLATE utf8mb4_unicode_ci DEFAULT NULL,
  `small_icon` varchar(100) COLLATE utf8mb4_unicode_ci DEFAULT NULL,
  `large_icon` varchar(100) COLLATE utf8mb4_unicode_ci DEFAULT NULL,
  `background_login` varchar(100) COLLATE utf8mb4_unicode_ci DEFAULT NULL,
  `background_sidebar` varchar(100) COLLATE utf8mb4_unicode_ci DEFAULT NULL,
  `gmaps_key` varchar(100) COLLATE utf8mb4_unicode_ci DEFAULT NULL,
  `psc_call_number` varchar(100) COLLATE utf8mb4_unicode_ci DEFAULT NULL,
  `time_refresh_tracking` varchar(100) COLLATE utf8mb4_unicode_ci DEFAULT NULL,
  `apk_officer` varchar(200) COLLATE utf8mb4_unicode_ci DEFAULT NULL,
  `layout` varchar(100) COLLATE utf8mb4_unicode_ci DEFAULT NULL,
  `skin` varchar(100) COLLATE utf8mb4_unicode_ci DEFAULT NULL,
  `user_id` int(11) DEFAULT NULL,
  `created_at` timestamp NULL DEFAULT NULL,
  `updated_at` timestamp NULL DEFAULT NULL,
  PRIMARY KEY (`id`)
) ENGINE=InnoDB AUTO_INCREMENT=2 DEFAULT CHARSET=utf8mb4 COLLATE=utf8mb4_unicode_ci;

-- Membuang data untuk tabel db_psc_119.settings: ~1 rows (lebih kurang)
/*!40000 ALTER TABLE `settings` DISABLE KEYS */;
INSERT INTO `settings` (`id`, `application_name`, `short_application_name`, `small_icon`, `large_icon`, `background_login`, `background_sidebar`, `gmaps_key`, `psc_call_number`, `time_refresh_tracking`, `apk_officer`, `layout`, `skin`, `user_id`, `created_at`, `updated_at`) VALUES
	(1, 'PSC-119', 'PSC-119', '16612053271.png', '16612069552.png', '16612107243.jpg', NULL, 'AIzaSyDk5azS8gZ2aDInOTqyPv7FmB5uBlu55RQ', '04022824192', '15', '16651367354.apk', 'default', 'skin-green-light', 0, '2021-10-29 10:58:27', '2022-10-07 17:58:55');
/*!40000 ALTER TABLE `settings` ENABLE KEYS */;

-- membuang struktur untuk table db_psc_119.subdistricts
CREATE TABLE IF NOT EXISTS `subdistricts` (
  `id` int(10) unsigned NOT NULL AUTO_INCREMENT,
  `name` varchar(255) COLLATE utf8mb4_unicode_ci DEFAULT NULL,
  `created_at` timestamp NULL DEFAULT NULL,
  `updated_at` timestamp NULL DEFAULT NULL,
  PRIMARY KEY (`id`)
) ENGINE=InnoDB AUTO_INCREMENT=10 DEFAULT CHARSET=utf8mb4 COLLATE=utf8mb4_unicode_ci;

-- Membuang data untuk tabel db_psc_119.subdistricts: ~8 rows (lebih kurang)
/*!40000 ALTER TABLE `subdistricts` DISABLE KEYS */;
INSERT INTO `subdistricts` (`id`, `name`, `created_at`, `updated_at`) VALUES
	(2, 'Betoambari', '2022-08-16 07:48:48', '2022-09-07 18:09:24'),
	(3, 'Murhum', '2022-09-07 18:09:32', '2022-09-12 08:27:50'),
	(4, 'Bungi', '2022-09-07 18:09:50', '2022-09-07 18:09:50'),
	(5, 'Wolio', '2022-09-12 08:32:13', '2022-09-12 08:32:13'),
	(6, 'Sorawolio', '2022-09-12 08:32:43', '2022-09-12 08:32:43'),
	(7, 'Lea-Lea', '2022-09-12 08:33:15', '2022-09-12 08:33:15'),
	(8, 'Kokalukuna', '2022-09-12 08:33:46', '2022-09-12 08:33:46'),
	(9, 'Batupoaro', '2022-09-12 08:34:11', '2022-09-12 08:34:11');
/*!40000 ALTER TABLE `subdistricts` ENABLE KEYS */;

-- membuang struktur untuk table db_psc_119.sub_menus
CREATE TABLE IF NOT EXISTS `sub_menus` (
  `id` int(11) NOT NULL AUTO_INCREMENT,
  `menu_id` int(11) NOT NULL,
  `sub_menu_name` varchar(18) COLLATE utf8mb4_unicode_ci DEFAULT NULL,
  `link` varchar(50) COLLATE utf8mb4_unicode_ci DEFAULT NULL,
  `attribute` varchar(50) COLLATE utf8mb4_unicode_ci DEFAULT NULL,
  `position` int(11) NOT NULL DEFAULT '0',
  `desc` tinytext COLLATE utf8mb4_unicode_ci,
  `status` int(11) NOT NULL DEFAULT '0',
  `user_id` int(11) DEFAULT NULL,
  `created_at` timestamp NULL DEFAULT NULL,
  `updated_at` timestamp NULL DEFAULT NULL,
  PRIMARY KEY (`id`) USING BTREE,
  KEY `menu_id` (`menu_id`),
  CONSTRAINT `FK_sub_menu_tbl_group_tbl` FOREIGN KEY (`menu_id`) REFERENCES `menus` (`id`) ON DELETE CASCADE ON UPDATE CASCADE
) ENGINE=InnoDB AUTO_INCREMENT=21 DEFAULT CHARSET=utf8mb4 COLLATE=utf8mb4_unicode_ci;

-- Membuang data untuk tabel db_psc_119.sub_menus: ~13 rows (lebih kurang)
/*!40000 ALTER TABLE `sub_menus` DISABLE KEYS */;
INSERT INTO `sub_menus` (`id`, `menu_id`, `sub_menu_name`, `link`, `attribute`, `position`, `desc`, `status`, `user_id`, `created_at`, `updated_at`) VALUES
	(6, 4, 'User', 'user', 'fa-circle-notch', 1, NULL, 1, 1, '2022-01-12 13:42:20', '2022-01-14 20:01:44'),
	(7, 4, 'Menu', 'menu', 'fa-circle-notch', 3, NULL, 1, 1, '2022-01-12 13:43:01', '2022-01-12 13:43:01'),
	(8, 4, 'Group', 'group', 'fa-circle-notch', 2, NULL, 1, 1, '2022-01-12 13:43:18', '2022-01-12 13:43:18'),
	(11, 13, 'Excel', 'report_excel', NULL, 1, NULL, 1, 1, '2022-02-18 09:16:58', '2022-02-18 09:16:58'),
	(12, 13, 'PDF', 'report_pdf', NULL, 2, NULL, 1, 1, '2022-02-18 09:17:10', '2022-02-18 09:17:10'),
	(13, 17, 'Data Wilayah', 'subdistrict', NULL, 1, NULL, 1, 0, '2022-08-16 11:38:23', '2022-08-16 11:38:23'),
	(14, 17, 'Kategori', 'category', NULL, 2, NULL, 1, 0, '2022-08-16 11:38:42', '2022-08-16 11:38:42'),
	(15, 23, 'Masuk', 'incoming_complaint', NULL, 1, NULL, 1, 0, '2022-09-02 15:24:20', '2022-09-02 16:19:21'),
	(16, 23, 'Proses', 'process_complaint', NULL, 2, NULL, 1, 0, '2022-09-02 15:25:09', '2022-09-02 16:29:44'),
	(17, 23, 'Dalam Penanganan', 'accept_complaint', NULL, 3, NULL, 1, 0, '2022-09-02 15:26:11', '2022-09-14 15:03:44'),
	(18, 23, 'Tolak', 'reject_complaint', NULL, 4, NULL, 1, 0, '2022-09-02 15:56:42', '2022-09-02 16:30:20'),
	(19, 23, 'Selesai', 'done_complaint', NULL, 5, 'xxx', 1, 0, '2022-09-02 15:57:23', '2022-09-02 16:30:33'),
	(20, 17, 'No. Panggilan PSC', 'call_number', NULL, 3, NULL, 1, 0, '2022-09-19 13:58:40', '2022-09-19 13:58:40');
/*!40000 ALTER TABLE `sub_menus` ENABLE KEYS */;

-- membuang struktur untuk table db_psc_119.sub_menu_accesses
CREATE TABLE IF NOT EXISTS `sub_menu_accesses` (
  `id` int(11) NOT NULL AUTO_INCREMENT,
  `group_id` int(11) NOT NULL DEFAULT '0',
  `menu_id` int(11) NOT NULL DEFAULT '0',
  `sub_menu_id` int(11) NOT NULL DEFAULT '0',
  `create` int(11) NOT NULL DEFAULT '0',
  `read` int(11) NOT NULL DEFAULT '0',
  `update` int(11) NOT NULL DEFAULT '0',
  `delete` int(11) NOT NULL DEFAULT '0',
  `print` int(11) NOT NULL DEFAULT '0',
  `user_id` int(11) DEFAULT NULL,
  `created_at` timestamp NULL DEFAULT NULL,
  `updated_at` timestamp NULL DEFAULT NULL,
  PRIMARY KEY (`id`) USING BTREE,
  KEY `menu_id` (`menu_id`),
  KEY `group_id` (`group_id`),
  KEY `sub_menu_id` (`sub_menu_id`),
  CONSTRAINT `FK_sub_menu_access_tbl_group_tbl` FOREIGN KEY (`group_id`) REFERENCES `groups` (`id`) ON DELETE CASCADE ON UPDATE CASCADE,
  CONSTRAINT `FK_sub_menu_access_tbl_menu_access_tbl_2` FOREIGN KEY (`menu_id`) REFERENCES `menu_accesses` (`menu_id`) ON DELETE CASCADE ON UPDATE CASCADE,
  CONSTRAINT `FK_sub_menu_access_tbl_sub_menu_tbl` FOREIGN KEY (`sub_menu_id`) REFERENCES `sub_menus` (`id`) ON DELETE CASCADE ON UPDATE CASCADE
) ENGINE=InnoDB AUTO_INCREMENT=75 DEFAULT CHARSET=utf8mb4 COLLATE=utf8mb4_unicode_ci;

-- Membuang data untuk tabel db_psc_119.sub_menu_accesses: ~21 rows (lebih kurang)
/*!40000 ALTER TABLE `sub_menu_accesses` DISABLE KEYS */;
INSERT INTO `sub_menu_accesses` (`id`, `group_id`, `menu_id`, `sub_menu_id`, `create`, `read`, `update`, `delete`, `print`, `user_id`, `created_at`, `updated_at`) VALUES
	(48, 1, 4, 6, 1, 1, 1, 1, 1, 1, '2022-08-15 17:59:57', NULL),
	(49, 1, 4, 8, 1, 1, 1, 1, 1, 1, '2022-08-15 18:28:07', NULL),
	(50, 1, 4, 7, 1, 1, 1, 1, 1, 1, '2022-08-15 18:02:23', NULL),
	(51, 1, 17, 13, 1, 1, 1, 1, 1, 0, '2022-08-16 11:40:01', '2022-08-16 11:40:01'),
	(52, 1, 17, 14, 1, 1, 1, 1, 0, 0, '2022-08-16 11:40:19', '2022-08-16 11:40:19'),
	(53, 1, 23, 15, 1, 1, 1, 1, 1, 0, '2022-09-02 15:27:01', '2022-09-02 15:27:01'),
	(55, 1, 23, 16, 0, 1, 0, 0, 0, 0, '2022-09-02 15:27:51', '2022-09-14 14:42:31'),
	(56, 1, 23, 17, 0, 1, 0, 0, 0, 0, '2022-09-02 15:28:12', '2022-09-14 14:55:30'),
	(57, 1, 23, 18, 0, 1, 0, 0, 0, 0, '2022-09-02 16:11:05', '2022-09-14 14:56:29'),
	(58, 1, 23, 19, 0, 1, 0, 0, 0, 0, '2022-09-02 16:11:28', '2022-09-14 16:02:22'),
	(59, 2, 23, 15, 1, 1, 1, 1, 1, 0, '2022-09-14 16:18:55', '2022-09-14 16:18:55'),
	(60, 2, 23, 16, 0, 1, 0, 0, 0, 0, '2022-09-14 16:19:17', '2022-09-14 17:00:48'),
	(61, 2, 23, 17, 0, 1, 0, 0, 0, 0, '2022-09-14 16:19:36', '2022-09-14 17:03:01'),
	(62, 2, 23, 18, 0, 1, 0, 0, 0, 0, '2022-09-14 16:49:26', '2022-09-14 17:03:20'),
	(63, 2, 23, 19, 0, 1, 0, 0, 0, 0, '2022-09-14 16:49:50', '2022-09-14 17:03:39'),
	(64, 1, 17, 20, 1, 1, 1, 1, 1, 0, '2022-09-19 13:59:07', '2022-09-19 13:59:07'),
	(66, 4, 23, 15, 0, 1, 0, 0, 0, 0, '2022-09-27 15:19:55', '2022-09-27 15:19:55'),
	(68, 4, 23, 16, 0, 1, 0, 0, 0, 0, '2022-09-27 15:20:08', '2022-09-27 15:20:08'),
	(70, 4, 23, 17, 0, 1, 0, 0, 0, 0, '2022-09-27 15:20:21', '2022-09-27 15:20:21'),
	(72, 4, 23, 18, 0, 1, 0, 0, 0, 0, '2022-09-27 15:20:33', '2022-09-27 15:20:33'),
	(74, 4, 23, 19, 0, 1, 0, 0, 0, 0, '2022-09-27 15:20:47', '2022-09-27 15:20:47');
/*!40000 ALTER TABLE `sub_menu_accesses` ENABLE KEYS */;

-- membuang struktur untuk table db_psc_119.switch_officers
CREATE TABLE IF NOT EXISTS `switch_officers` (
  `id` int(10) unsigned NOT NULL AUTO_INCREMENT,
  `complaint_id` char(36) COLLATE utf8mb4_unicode_ci NOT NULL,
  `description` text COLLATE utf8mb4_unicode_ci,
  `unit_id` int(10) unsigned NOT NULL,
  `officer_id` int(10) unsigned NOT NULL,
  `created_at` timestamp NULL DEFAULT NULL,
  `updated_at` timestamp NULL DEFAULT NULL,
  PRIMARY KEY (`id`),
  KEY `switch_officers_complaint_id_foreign` (`complaint_id`),
  KEY `switch_officers_unit_id_foreign` (`unit_id`),
  KEY `FK_switch_officers_officers` (`officer_id`),
  CONSTRAINT `FK_switch_officers_officers` FOREIGN KEY (`officer_id`) REFERENCES `officers` (`id`) ON DELETE CASCADE ON UPDATE CASCADE,
  CONSTRAINT `switch_officers_complaint_id_foreign` FOREIGN KEY (`complaint_id`) REFERENCES `complaints` (`id`) ON DELETE CASCADE ON UPDATE CASCADE,
  CONSTRAINT `switch_officers_unit_id_foreign` FOREIGN KEY (`unit_id`) REFERENCES `units` (`id`) ON DELETE CASCADE ON UPDATE CASCADE
) ENGINE=InnoDB AUTO_INCREMENT=8 DEFAULT CHARSET=utf8mb4 COLLATE=utf8mb4_unicode_ci;

-- Membuang data untuk tabel db_psc_119.switch_officers: ~4 rows (lebih kurang)
/*!40000 ALTER TABLE `switch_officers` DISABLE KEYS */;
INSERT INTO `switch_officers` (`id`, `complaint_id`, `description`, `unit_id`, `officer_id`, `created_at`, `updated_at`) VALUES
	(3, 'f6f2caf3-7726-4fd5-853b-aa7aae4898f3', 'Mobil Mogok juga', 13, 6, '2022-11-09 14:44:23', '2022-11-09 14:44:23'),
	(4, 'f6f2caf3-7726-4fd5-853b-aa7aae4898f3', 'Kehabisan Bensin', 12, 7, '2022-11-09 14:47:46', '2022-11-09 14:47:46'),
	(5, 'f6f2caf3-7726-4fd5-853b-aa7aae4898f3', 'Kehabisan Bensin', 12, 7, '2022-11-09 15:10:20', '2022-11-09 15:10:20'),
	(6, 'f6f2caf3-7726-4fd5-853b-aa7aae4898f3', 'Kehabisan Bensin', 12, 8, '2022-11-09 15:15:37', '2022-11-09 15:15:37'),
	(7, '9f30109d-f459-47b1-8a59-8767d987cdb1', 'Kehabisan Bensin Bung', 4, 3, '2022-11-09 15:24:29', '2022-11-09 15:24:29');
/*!40000 ALTER TABLE `switch_officers` ENABLE KEYS */;

-- membuang struktur untuk table db_psc_119.treatments
CREATE TABLE IF NOT EXISTS `treatments` (
  `id` int(10) unsigned NOT NULL AUTO_INCREMENT,
  `text` text COLLATE utf8mb4_unicode_ci,
  `category_id` int(10) unsigned NOT NULL,
  `created_at` timestamp NULL DEFAULT NULL,
  `updated_at` timestamp NULL DEFAULT NULL,
  PRIMARY KEY (`id`),
  KEY `treatments_category_id_foreign` (`category_id`),
  CONSTRAINT `treatments_category_id_foreign` FOREIGN KEY (`category_id`) REFERENCES `categories` (`id`) ON DELETE CASCADE ON UPDATE CASCADE
) ENGINE=InnoDB AUTO_INCREMENT=5 DEFAULT CHARSET=utf8mb4 COLLATE=utf8mb4_unicode_ci;

-- Membuang data untuk tabel db_psc_119.treatments: ~2 rows (lebih kurang)
/*!40000 ALTER TABLE `treatments` DISABLE KEYS */;
INSERT INTO `treatments` (`id`, `text`, `category_id`, `created_at`, `updated_at`) VALUES
	(3, '<p>xxxx</p>', 1, '2022-08-24 11:35:35', '2022-08-24 11:41:17'),
	(4, '<p>Petugas memberikan pertolongan pertama dengan melakukan perban luka pada pasien</p>', 2, '2022-09-08 10:04:27', '2022-09-08 10:04:27');
/*!40000 ALTER TABLE `treatments` ENABLE KEYS */;

-- membuang struktur untuk table db_psc_119.units
CREATE TABLE IF NOT EXISTS `units` (
  `id` int(10) unsigned NOT NULL AUTO_INCREMENT,
  `name` varchar(100) COLLATE utf8mb4_unicode_ci DEFAULT NULL,
  `address` varchar(50) COLLATE utf8mb4_unicode_ci DEFAULT NULL,
  `coordinate` varchar(255) COLLATE utf8mb4_unicode_ci DEFAULT NULL,
  `category` enum('hospital','health center','clinic','drugstore') COLLATE utf8mb4_unicode_ci DEFAULT NULL,
  `image` varchar(100) COLLATE utf8mb4_unicode_ci DEFAULT NULL,
  `time_operation` varchar(100) COLLATE utf8mb4_unicode_ci DEFAULT NULL,
  `subdistrict_id` int(10) unsigned NOT NULL,
  `created_at` timestamp NULL DEFAULT NULL,
  `updated_at` timestamp NULL DEFAULT NULL,
  PRIMARY KEY (`id`),
  KEY `units_subdistrict_id_foreign` (`subdistrict_id`),
  CONSTRAINT `units_subdistrict_id_foreign` FOREIGN KEY (`subdistrict_id`) REFERENCES `subdistricts` (`id`)
) ENGINE=InnoDB AUTO_INCREMENT=21 DEFAULT CHARSET=utf8mb4 COLLATE=utf8mb4_unicode_ci;

-- Membuang data untuk tabel db_psc_119.units: ~17 rows (lebih kurang)
/*!40000 ALTER TABLE `units` DISABLE KEYS */;
INSERT INTO `units` (`id`, `name`, `address`, `coordinate`, `category`, `image`, `time_operation`, `subdistrict_id`, `created_at`, `updated_at`) VALUES
	(3, 'Puskesmas Wajo', 'Jl. Dr. Wahidin No.137 Kel. Wajo, Kec. Murhum 9372', '-5.469643316374675, 122.59950486854608', NULL, NULL, NULL, 3, '2022-08-18 20:27:11', '2022-09-09 13:26:35'),
	(4, 'Puskesmas Betoambari', 'Kel. Bone-bone, Kec. Batupoaro', '-5.4856429306487176, 122.58496969552637', NULL, NULL, NULL, 2, '2022-09-09 13:24:33', '2022-09-09 13:25:59'),
	(5, 'Puskesmas Bataraguru', 'Jl. MH Thamrin Kel. Bataraguru, Kec. Wolio', '-5.4856429306487176, 122.58496969552637', NULL, NULL, NULL, 5, '2022-09-13 10:20:58', '2022-09-13 10:20:58'),
	(6, 'Puskesmas Bukit Wolio Indah', 'Kompleks BTN Medi Brata, Kel. Bukit Wolio Indah, K', '-5.4856429306487176, 122.58496969552637', NULL, NULL, NULL, 5, '2022-09-13 10:27:02', '2022-09-13 10:27:02'),
	(7, 'Puskesmas Bungi', 'Jl. Anoa KM.11 Kel. Liabuku, Kec. Bungi', '-5.345491898944882, 122.6955738183452', NULL, NULL, NULL, 4, '2022-09-13 10:30:08', '2022-09-13 10:30:08'),
	(8, 'Puskesmas Kadolomoko', 'Jl. Anoa Kel. Kadolomoko, Kec. Kokalukuna', '-5.4856429306487176, 122.58496969552637', NULL, NULL, NULL, 8, '2022-09-13 10:34:07', '2022-09-13 10:34:07'),
	(9, 'Puskesmas Kampeonaho', 'Jl. Anoa KM.19 Kel. Kampeonaho, Kec. Bungi', '-5.4856429306487176, 122.58496969552637', NULL, NULL, NULL, 4, '2022-09-13 10:35:21', '2022-09-13 10:35:21'),
	(10, 'Puskesmas Katobengke', 'Jl. La Karambau No.23C Kel. Katobengke, Kec. Betoa', '-5.4856429306487176, 122.58496969552637', NULL, NULL, NULL, 2, '2022-09-13 10:42:53', '2022-09-13 10:42:53'),
	(11, 'Puskesmas Lakologou', 'Jl. Anoa Kel. Lakologou, Kec. Kokalukuna', '-5.4856429306487176, 122.58496969552637', NULL, NULL, NULL, 8, '2022-09-13 10:46:15', '2022-09-13 10:46:15'),
	(12, 'Puskesmas Liwuto', 'Kel. Liwuto, Kec. Kokalukuna', '-5.4856429306487176, 122.58496969552637', NULL, NULL, NULL, 8, '2022-09-13 12:41:45', '2022-09-13 12:41:45'),
	(13, 'Puskesmas Lowu-Lowu', 'Kel. Lowu-lowu, Kec. Lea-Lea', '-5.455280589900395, 122.60656355365813', NULL, NULL, NULL, 7, '2022-09-13 12:44:48', '2022-09-13 12:44:48'),
	(14, 'Puskesmas Melai', 'Jl. La Buke Kel. Melai, Kec. Murhum', '-5.4856429306487176, 122.58496969552637', NULL, NULL, NULL, 3, '2022-09-13 12:46:41', '2022-09-13 12:46:41'),
	(15, 'Puskesmas Meo-Meo', 'Jl. Hayam Wuruk No.97 Kel. Wameo, Kec. Batupoaro', '-5.4856429306487176, 122.58496969552637', NULL, NULL, NULL, 9, '2022-09-13 12:54:16', '2022-09-13 12:54:16'),
	(16, 'Puskesmas Sorawollio', 'Kel. Sorawolio, Kec. Sorawolio', '-5.4856429306487176, 122.58496969552637', NULL, NULL, NULL, 6, '2022-09-13 13:04:41', '2022-09-13 13:04:41'),
	(17, 'Puskesmas Sulaa', 'Komplek BTN Wanabakti, Kel. Sulaa, Kec. Betoambari', '-5.4856429306487176, 122.58496969552637', NULL, NULL, NULL, 2, '2022-09-13 13:06:03', '2022-09-13 13:06:03'),
	(18, 'Puskesmas Waborobo', 'Kel. Waborobo, Kec. Betoambari', '-5.4856429306487176, 122.58496969552637', NULL, NULL, NULL, 2, '2022-09-13 13:17:11', '2022-09-13 13:17:11'),
	(19, 'Puskesmas Wolio', 'Jl. Pahlawan Kel. Bukit Wolio Indah, Kec. Wolio', '-5.4856429306487176, 122.58496969552637', NULL, NULL, NULL, 5, '2022-09-13 13:18:36', '2022-09-13 13:18:36'),
	(20, 'xxx', 'xxx', '-5.463183923010716, 122.61299014091492', 'clinic', '1664714569.jpeg', '12 Jam', 2, '2022-10-02 20:39:45', '2022-10-02 20:43:01');
/*!40000 ALTER TABLE `units` ENABLE KEYS */;

-- membuang struktur untuk table db_psc_119.unit_services
CREATE TABLE IF NOT EXISTS `unit_services` (
  `id` int(10) unsigned NOT NULL AUTO_INCREMENT,
  `service` varchar(100) COLLATE utf8mb4_unicode_ci DEFAULT NULL,
  `description` text COLLATE utf8mb4_unicode_ci,
  `unit_id` int(10) unsigned NOT NULL,
  `created_at` timestamp NULL DEFAULT NULL,
  `updated_at` timestamp NULL DEFAULT NULL,
  PRIMARY KEY (`id`),
  KEY `unit_services_unit_id_foreign` (`unit_id`),
  CONSTRAINT `unit_services_unit_id_foreign` FOREIGN KEY (`unit_id`) REFERENCES `units` (`id`)
) ENGINE=InnoDB AUTO_INCREMENT=3 DEFAULT CHARSET=utf8mb4 COLLATE=utf8mb4_unicode_ci;

-- Membuang data untuk tabel db_psc_119.unit_services: ~2 rows (lebih kurang)
/*!40000 ALTER TABLE `unit_services` DISABLE KEYS */;
INSERT INTO `unit_services` (`id`, `service`, `description`, `unit_id`, `created_at`, `updated_at`) VALUES
	(1, 'Perawatan', '<p>sasasadf dsds</p>', 3, '2022-08-24 16:48:28', '2022-08-24 16:54:16'),
	(2, 'Pemeriksaan Umum', '<p>Pemeriksaan umum terdiri dari :</p>\r\n\r\n<ul>\r\n	<li>Pelayanan Kesehatan Gigi dan Mulut</li>\r\n	<li>Pelayanan Kesehatan Ibu dan Anak</li>\r\n	<li>Pelayanan Keluarga Berencana</li>\r\n	<li>Pelayanan Gawat Darurat</li>\r\n	<li>Pelayanan Gizi</li>\r\n	<li>Pelayanan Imunisasi</li>\r\n	<li>Pelayanan Kefarmasian</li>\r\n	<li>Pelayanan Laboratorium</li>\r\n	<li>Pelayanan Persalinan</li>\r\n	<li>Pelayanan Rawat Inap Persalinan</li>\r\n</ul>', 4, '2022-09-09 13:34:45', '2022-09-09 13:34:45');
/*!40000 ALTER TABLE `unit_services` ENABLE KEYS */;

-- membuang struktur untuk table db_psc_119.users
CREATE TABLE IF NOT EXISTS `users` (
  `id` char(36) COLLATE utf8mb4_unicode_ci NOT NULL,
  `name` varchar(255) COLLATE utf8mb4_unicode_ci NOT NULL,
  `email` varchar(255) COLLATE utf8mb4_unicode_ci NOT NULL,
  `email_verified_at` timestamp NULL DEFAULT NULL,
  `password` varchar(191) COLLATE utf8mb4_unicode_ci NOT NULL,
  `remember_token` varchar(100) COLLATE utf8mb4_unicode_ci DEFAULT NULL,
  `group_id` int(11) NOT NULL,
  `status` enum('active','block') COLLATE utf8mb4_unicode_ci NOT NULL,
  `photo` varchar(50) COLLATE utf8mb4_unicode_ci DEFAULT NULL,
  `api_token` varchar(100) COLLATE utf8mb4_unicode_ci DEFAULT NULL,
  `api_expired` datetime DEFAULT NULL,
  `created_at` timestamp NULL DEFAULT NULL,
  `updated_at` timestamp NULL DEFAULT NULL,
  `deleted_at` timestamp NULL DEFAULT NULL,
  PRIMARY KEY (`id`),
  KEY `FK_users_groups` (`group_id`),
  CONSTRAINT `FK_users_groups` FOREIGN KEY (`group_id`) REFERENCES `groups` (`id`) ON DELETE CASCADE ON UPDATE CASCADE
) ENGINE=InnoDB DEFAULT CHARSET=utf8mb4 COLLATE=utf8mb4_unicode_ci;

-- Membuang data untuk tabel db_psc_119.users: ~22 rows (lebih kurang)
/*!40000 ALTER TABLE `users` DISABLE KEYS */;
INSERT INTO `users` (`id`, `name`, `email`, `email_verified_at`, `password`, `remember_token`, `group_id`, `status`, `photo`, `api_token`, `api_expired`, `created_at`, `updated_at`, `deleted_at`) VALUES
	('244fce6a-c245-4c9e-90a2-f9616aa75ac1', 'Mohammad', 'muhsoleh607@gmail.com', '2022-09-30 09:34:00', '$2y$10$V4ZjJ1nvkrqn71rVQX1fP./GS8G1Y0sZvWkCf7A94HMVIUxlJx/jO', NULL, 6, 'active', NULL, '6fFU3ZPynFvd7BpDBiG5POXddZtP4gTSSfLo', '2022-10-01 09:36:45', '2022-09-30 09:33:24', '2022-09-30 09:36:45', NULL),
	('4928adaf-f946-465a-b7f3-f653f4f24ea4', 'liwuto2', 'liwuto2@gmail.com', NULL, '$2y$10$O4eMqW3yfBafEVzsF.yxdOr1Pqa8c5GGSS09HcOvFmvyRkkMk4LAO', NULL, 3, 'active', NULL, 'O0UZdAlsUson8VPiTj9kz633VzE0VOLxRIeR', '2022-11-16 13:45:59', '2022-11-09 13:32:40', '2022-11-09 13:45:59', NULL),
	('5a93f8c5-caa5-4898-af50-9845aa0f6e25', 'Muh. Fahril', 'fahrilkabaena123@gmail.com', '2022-09-30 10:23:01', '$2y$10$iSW61vfeeCteGcGsKFY6p.zWwvfRdE6H3PVN9yQxti6WKRjkMhJVy', NULL, 6, 'active', NULL, 'ptJeTyGCqnowVFH0Geaw4GH5JrH4hsNdM04V', '2022-10-01 10:23:47', '2022-09-30 10:18:41', '2022-09-30 11:37:40', NULL),
	('5ade2d23-f6be-4246-9ad9-42ac66079543', 'Ikra', 'ikra@gmail.com', NULL, '$2y$10$Gbz1dMSBYwu4WISQ1S/m/uPWx98/6.9h518KaVcEMF1YB5BdlRE7.', NULL, 3, 'active', NULL, 'ARUtiuKG0BUCTgVlnuG1C1tKslH2zi3DwG9w', '2022-11-16 14:39:13', '2022-09-20 15:13:52', '2022-11-09 14:39:13', NULL),
	('6160aecf-6b09-4270-ba70-a888368b8546', 'callcenter', 'adminpscbaubau@gmail.com', '2022-09-14 16:43:07', '$2y$10$irY34fT0QlwZdTuZryA3WOoVvsNf8MY7trIVBi6MMD6wx200bLTPG', NULL, 2, 'active', NULL, '42a3afdedbc3518994a1555434edb94e94676f4cffc3336be59bfbe1c1868c74', NULL, '2022-09-14 16:43:07', '2022-09-30 09:27:27', NULL),
	('66cbe34e-22ba-44cf-a93d-615a0b615dfb', 'kabid', 'kabid@gmail.com', '2022-09-27 16:08:26', '$2y$10$wzC5sP90JgLXSZGGdSRxt.Y.Du4faIoFSnVR98P4TYkt6y/8g2MY.', NULL, 4, 'active', NULL, 'fc044b5479cab4a48b0b82bd1d16b6173f3fe820adc564294abe8736cfc20d66', NULL, '2022-09-27 16:08:26', '2022-09-27 16:08:26', NULL),
	('85591b09-acb4-4742-989b-a6eaa38ce099', 'Izra Ismail', 'izra.ismail.com', NULL, '$2y$10$bNOS8XTr8qBUdLcJii/3gON7xiYdIhr82.7IhZs3HzbGlk2kpsIxG', NULL, 3, 'active', NULL, 'wKLcmri2kkkRfgh2m533Snc51g1WxKSC9VSG', '2022-10-24 15:16:05', '2022-09-08 10:49:24', '2022-10-17 15:16:05', NULL),
	('8c3b691a-1db4-4248-a6ce-03dc4704e400', 'dinkes', 'dinkesbaubau@gmail.com', '2022-09-21 15:04:24', '$2y$10$U2/BiKDn.1IBWFkQ8whAPuy2R2YCJIycoKSHGH8jEnnutY2qGUuma', NULL, 7, 'active', NULL, 'bb14760c7b1f37f95c71612bffdff66a353ada9c3cc15d2a8d14bb17e3afcfeb', NULL, '2022-09-21 15:04:24', '2022-09-22 14:18:17', NULL),
	('9051bd4c-4862-41be-868b-b92aa02c5136', 'kadis', 'kadis@gmail.com', '2022-09-27 15:19:11', '$2y$10$6SWG.ECsn1rBaI93ffUtfeklld3MxkVZMT7yrtzuU0kQm3ruYxJze', NULL, 4, 'active', NULL, 'c9f1588044f0377f5be88790a06cb7d259c1d4e1dc2520eb678b533e2255fd9a', NULL, '2022-09-27 15:19:11', '2022-09-27 15:19:11', NULL),
	('9a429e59-4fa7-4728-be10-7a455ace252f', 'Adri Saputra', 'adri.saputra.ibrahim@gmail.com', NULL, '$2y$10$tp7NypApd3KpstUMbFW.3OgOxMKr2wbKG60x.mZo9ZZf/fwM7qpFS', NULL, 6, 'active', NULL, '10iLyQ65LWQLDB3kzDYdOnPO8fZ4y9zhMnGI', '2022-11-16 13:37:24', '2022-11-03 18:43:43', '2022-11-09 13:37:24', NULL),
	('a9c5b8f6-41e9-40c2-8b23-0b4b2ff43737', 'admin10', 'a@b.com', NULL, '$2y$10$ZzToIUZvty7qgWQAcMs/X.HkP/4X4o3VJWjK/kegMnNjw6oA2ahHG', NULL, 2, 'active', '1664082426.php', NULL, NULL, '2022-09-25 13:06:38', '2022-09-25 13:07:06', NULL),
	('aff3e565-75ce-4bd0-8d95-91033087766c', 'uun', 'divmarketingts@gmail.com', NULL, '$2y$10$tgPZHi5vL.aBd7QWM0J2yOwxj7aMxboRnP4EkXBQBV1jUco891Gwi', NULL, 6, 'block', NULL, 'cJNqdl6aYbNGeOG00bRSZ752JFM4MizAp0BD', NULL, '2022-10-03 18:39:14', '2022-10-03 18:39:14', NULL),
	('b3640f52-bd7c-499d-9a13-1e733eae4098', 'sholeh', 'bkadkotakendari2022@gmail.com', NULL, '$2y$10$V0Y1wVH3n..sZ1qZoMeVI.ORTrDvxxtfmBtFT5AJQW8WqaRWs.3Qy', NULL, 6, 'block', NULL, 'bE5ffSIeWZpcrMsixLCvfbCN1hvlpynlUR53', NULL, '2022-09-30 09:28:01', '2022-09-30 09:28:01', NULL),
	('b912d226-396d-4cda-9b19-2e85f6c72872', 'Ahmad', 'kbjbhjvjhbkjgmail.com', NULL, '$2y$10$88zb5tf7Svs/LLO9Krkzk.2NTf6WFKItU1PVaplRsSAGu0axj2Ha6', NULL, 3, 'active', NULL, NULL, NULL, '2022-09-16 15:02:37', '2022-09-16 15:02:37', NULL),
	('c35f0559-3516-4245-97fd-160055ef8827', 'euis nurhiliya', 'euis.nurhiliya@gmail.com', '2022-09-21 14:21:10', '$2y$10$BnJWI.HnCYRZWp03BH67KOaJFAxZuGs2h5ftI8S7N3JK6DFKJQ7CW', NULL, 6, 'active', NULL, 'lJZGh0w6XHd4s1vNcGJiTtt4XYI3IqUsJJVw', '2022-09-22 14:22:20', '2022-09-21 14:20:33', '2022-10-04 13:59:47', NULL),
	('c3a53035-a63a-426c-92d9-ada953a85034', 'mely', 'amelyasaputri0395@gmail.com', '2022-09-21 14:35:11', '$2y$10$vbYeGT4MdqrGw4jTRd.iYeHlzABGHNoQJvlw5iqgDd/g/XCInxCOS', NULL, 6, 'active', NULL, '808Teq2663jMYELggbqTq9zCfOMtrt817gnQ', '2022-09-22 14:35:17', '2022-09-21 14:34:56', '2022-09-21 14:35:17', NULL),
	('d2de9686-804b-4d17-a36f-9df686fe3a65', 'rahmat_123', 'rahmat@gmail.com', NULL, '$2y$10$ZflwfpBPk7nTOt.YTvXQI.4Njk/s6mpcSm/UOKQocnjlf2TRlkIT2', NULL, 3, 'active', NULL, 'FwEdY4iPUyD6qQUSonFQtBEN0blB6F1FVBwy', '2022-11-16 13:53:24', '2022-10-04 14:42:02', '2022-11-09 13:53:24', NULL),
	('d5643b0f-29f4-4b56-a917-5f3c5514b62c', 'mely', 'amelyasaputri10@gmail.com', NULL, '$2y$10$bhYGCPRWDlOKv9Hx3qAKPOOJA2hRIE9.6HrksX7OngfKO528t32/.', NULL, 6, 'active', NULL, 'WpuQpbzxh9BqdoLorVSaOrSsMx8LzwT2tWTn', NULL, '2022-09-30 11:34:26', '2022-09-30 14:29:46', NULL),
	('d5db238d-e24a-44f5-9c91-ee6f114a2865', 'sekdis', 'sekdis@gmail.com', '2022-09-27 16:08:49', '$2y$10$qwQCQ2yZd3QsxITXROg0wOhUd9k3O4AfNQx1/11VUk.XGOJDjMCmG', NULL, 4, 'active', NULL, 'f3933cdbac139ea32ed1f77a9fb679f8cd2eb44016665d7b5fa023ffaddf1629', NULL, '2022-09-27 16:08:49', '2022-09-27 16:08:49', NULL),
	('da8248ec-1414-43f4-95c0-eb944cb7b168', 'administrator', 'administrator@gmail.com', '2022-08-16 06:30:06', '$2y$10$udTA67.cx3vrWG4DCe8qr.3gkUo4iqxwSBgcZzUdkQCmogEhemcl.', NULL, 1, 'active', '1664954133.jpg', 'XOE3nVIc3TeSErOyBdwlrqYWIRBKxft16IHl', '2022-08-24 11:44:19', '2022-08-16 06:26:11', '2022-10-05 15:15:33', NULL),
	('e03fa048-7025-4412-aed9-b31a57bdd434', 'Indra62', 'indra@gmail.com', NULL, '$2y$10$rRGkpDCYEEX2.aabLaIvk.PKVlVg7fdXmQozywoFduAA/fMM.twqq', NULL, 3, 'active', '1664956134.png', 'Xs612GJKYgC8LclBGbIEG7QZqGkiLPkkHxL0', '2022-11-16 15:23:53', '2022-08-19 09:40:32', '2022-11-09 15:23:53', NULL),
	('e1214a6d-aa83-4ac5-9be5-350543fad1dd', 'Andy Musly Afriyanto', 'andy.musly@gmail.com', '2022-09-21 14:15:43', '$2y$10$dUwz11NHf.x1QLAHErx8GuJN6SVLX9Yu28zALNeU2ew2so05eb5T6', NULL, 6, 'active', NULL, '3JVVzbOExySKZmP7UV5s55gdoXLfbyYJjrKU', NULL, '2022-09-21 12:15:35', '2022-09-21 14:15:43', NULL),
	('efbc1902-9694-4074-b039-26b1af174c1b', 'indra', 'indra027@gmail.com', NULL, '$2y$10$PfnjUGgHaN/M.LOiX.l08.GzLmgpJ0WlISMOCS3gVOY48CIBA.DqW', NULL, 6, 'active', NULL, 'LNGloJFZb29eCek4iDxcBVfqvon1huuPtGjQ', '2022-09-27 18:33:21', '2022-09-23 10:31:23', '2022-11-03 19:59:55', '2022-11-03 19:59:55');
/*!40000 ALTER TABLE `users` ENABLE KEYS */;

-- membuang struktur untuk table db_psc_119.villages
CREATE TABLE IF NOT EXISTS `villages` (
  `id` int(10) unsigned NOT NULL AUTO_INCREMENT,
  `name` varchar(255) COLLATE utf8mb4_unicode_ci DEFAULT NULL,
  `subdistrict_id` int(10) unsigned NOT NULL,
  `created_at` timestamp NULL DEFAULT NULL,
  `updated_at` timestamp NULL DEFAULT NULL,
  PRIMARY KEY (`id`),
  KEY `villages_subdistrict_id_foreign` (`subdistrict_id`),
  CONSTRAINT `villages_subdistrict_id_foreign` FOREIGN KEY (`subdistrict_id`) REFERENCES `subdistricts` (`id`)
) ENGINE=InnoDB AUTO_INCREMENT=45 DEFAULT CHARSET=utf8mb4 COLLATE=utf8mb4_unicode_ci;

-- Membuang data untuk tabel db_psc_119.villages: ~43 rows (lebih kurang)
/*!40000 ALTER TABLE `villages` DISABLE KEYS */;
INSERT INTO `villages` (`id`, `name`, `subdistrict_id`, `created_at`, `updated_at`) VALUES
	(1, 'Katobengke', 2, '2022-08-24 08:26:30', '2022-09-07 18:10:26'),
	(2, 'Lipu', 2, '2022-09-07 18:10:32', '2022-09-07 18:10:32'),
	(4, 'Liabuku', 4, '2022-09-08 20:45:10', '2022-09-08 20:45:10'),
	(5, 'Sulaa', 2, '2022-09-12 08:23:58', '2022-09-12 08:23:58'),
	(6, 'Waborobo', 2, '2022-09-12 08:24:16', '2022-09-12 08:24:16'),
	(7, 'Labalawa', 2, '2022-09-12 08:24:43', '2022-09-12 08:24:43'),
	(8, 'Baadia', 3, '2022-09-12 08:28:10', '2022-09-12 08:28:10'),
	(9, 'Lamangga', 3, '2022-09-12 08:28:23', '2022-09-12 08:28:23'),
	(10, 'Melai', 3, '2022-09-12 08:28:33', '2022-09-12 08:28:33'),
	(11, 'Tanganapada', 3, '2022-09-12 08:28:53', '2022-09-12 08:28:53'),
	(12, 'Wajo', 3, '2022-09-12 08:29:10', '2022-09-12 08:29:10'),
	(13, 'Kampeonaho', 4, '2022-09-12 08:30:06', '2022-09-12 08:30:06'),
	(14, 'Tampuna', 4, '2022-09-12 08:30:35', '2022-09-12 08:30:35'),
	(15, 'Ngkaring Karing', 4, '2022-09-12 08:30:53', '2022-09-12 08:30:53'),
	(16, 'Waliabuku', 4, '2022-09-12 08:31:06', '2022-09-12 08:31:06'),
	(17, 'Bonebone', 9, '2022-09-12 08:35:00', '2022-09-12 08:35:00'),
	(18, 'Kaobula', 9, '2022-09-12 08:35:13', '2022-09-12 08:35:13'),
	(19, 'Lanto', 9, '2022-09-12 08:35:23', '2022-09-12 08:35:23'),
	(20, 'Nganganaumala', 9, '2022-09-12 08:35:52', '2022-09-12 08:35:52'),
	(21, 'Tarafu', 9, '2022-09-12 08:36:04', '2022-09-12 08:36:04'),
	(22, 'Wameo', 9, '2022-09-12 08:36:12', '2022-09-12 08:36:12'),
	(23, 'Kadolo', 8, '2022-09-12 08:36:42', '2022-09-12 08:36:42'),
	(24, 'Kadolomoko', 8, '2022-09-12 08:36:55', '2022-09-12 08:36:55'),
	(25, 'Lakologou', 8, '2022-09-12 08:37:10', '2022-09-12 08:37:10'),
	(26, 'Liwuto', 8, '2022-09-12 08:37:22', '2022-09-12 08:37:22'),
	(27, 'Sukanaeyo', 8, '2022-09-12 08:37:50', '2022-09-12 08:37:50'),
	(28, 'Waruruma', 8, '2022-09-12 08:38:01', '2022-09-12 08:38:01'),
	(29, 'Kalia-Lia', 7, '2022-09-12 08:38:22', '2022-09-12 08:38:22'),
	(30, 'Kantalai', 7, '2022-09-12 08:38:39', '2022-09-12 08:38:39'),
	(31, 'Kolese', 7, '2022-09-12 08:38:56', '2022-09-12 08:38:56'),
	(32, 'Lowu-Lowu', 7, '2022-09-12 08:39:12', '2022-09-12 08:39:12'),
	(33, 'Palabusa', 7, '2022-09-12 08:39:23', '2022-09-12 08:39:23'),
	(34, 'Bugi', 6, '2022-09-12 08:39:45', '2022-09-12 08:39:45'),
	(35, 'Gonda Baru', 6, '2022-09-12 08:39:57', '2022-09-12 08:39:57'),
	(36, 'Kaisabu  Baru', 6, '2022-09-12 08:40:09', '2022-09-12 08:40:09'),
	(37, 'Karya Baru', 6, '2022-09-12 08:40:19', '2022-09-12 08:40:19'),
	(38, 'Bataraguru', 5, '2022-09-12 08:40:53', '2022-09-12 08:40:53'),
	(39, 'Batulo', 5, '2022-09-12 08:41:03', '2022-09-12 08:41:03'),
	(40, 'Bukit Wolio Indah', 5, '2022-09-12 08:41:13', '2022-09-12 08:42:03'),
	(41, 'Kadolo Katapi', 5, '2022-09-12 08:42:29', '2022-09-12 08:42:29'),
	(42, 'Wangkanapi', 5, '2022-09-12 08:42:51', '2022-09-12 08:42:51'),
	(43, 'Wale', 5, '2022-09-12 08:43:21', '2022-09-12 08:43:21'),
	(44, 'Tomba', 5, '2022-09-12 08:43:29', '2022-09-12 08:43:29');
/*!40000 ALTER TABLE `villages` ENABLE KEYS */;

-- membuang struktur untuk table db_psc_119.websockets_statistics_entries
CREATE TABLE IF NOT EXISTS `websockets_statistics_entries` (
  `id` int(10) unsigned NOT NULL AUTO_INCREMENT,
  `app_id` varchar(191) COLLATE utf8mb4_unicode_ci NOT NULL,
  `peak_connection_count` int(11) NOT NULL,
  `websocket_message_count` int(11) NOT NULL,
  `api_message_count` int(11) NOT NULL,
  `created_at` timestamp NULL DEFAULT NULL,
  `updated_at` timestamp NULL DEFAULT NULL,
  PRIMARY KEY (`id`)
) ENGINE=InnoDB DEFAULT CHARSET=utf8mb4 COLLATE=utf8mb4_unicode_ci;

-- Membuang data untuk tabel db_psc_119.websockets_statistics_entries: ~0 rows (lebih kurang)
/*!40000 ALTER TABLE `websockets_statistics_entries` DISABLE KEYS */;
/*!40000 ALTER TABLE `websockets_statistics_entries` ENABLE KEYS */;

/*!40101 SET SQL_MODE=IFNULL(@OLD_SQL_MODE, '') */;
/*!40014 SET FOREIGN_KEY_CHECKS=IFNULL(@OLD_FOREIGN_KEY_CHECKS, 1) */;
/*!40101 SET CHARACTER_SET_CLIENT=@OLD_CHARACTER_SET_CLIENT */;
/*!40111 SET SQL_NOTES=IFNULL(@OLD_SQL_NOTES, 1) */;
